0.442630261,1,6,1,0,yes
0.125328436,7,2,2,41,yes
0.031755082,3,3,1,0,yes
0.001584829,2,1,1,0,no
0.001010012,2,1,1,0,no
0.001005711,7,1,1,0,no
0.108149149,3,4,1,0,yes
0.020912103,2,4,1,0,yes
0.032078519,7,2,2,0,yes
0.001406407,7,1,1,0,no
0.001122534,3,1,1,0,no
0.00102094,7,1,1,0,no
0.24804759,1,8,1,0,yes
0.031179417,1,3,1,0,yes
0.013601867,2,6,1,0,yes
0.001073041,6,1,2,0,no
0.001073041,7,1,2,0,no
0.001031237,7,1,2,0,no
0.205087498,3,6,1,0,yes
0.055524271,7,2,2,0,yes
0.050658643,7,2,1,0,yes
0.002920992,2,1,1,0,no
0.002920992,7,1,1,0,no
0.002126153,2,1,1,0,no
0.243384302,7,3,2,44,yes
0.12209738,2,4,1,34,yes
0.089691475,3,3,1,0,yes
0.001253726,3,1,1,0,no
0.001152676,7,1,2,0,no
0.001152676,7,1,2,0,no
0.116694398,3,11,1,0,yes
0.118276656,3,2,1,0,yes
0.034597445,2,5,1,0,yes
0.000978829,7,1,2,0,no
0.000911269,7,1,1,0,no
0.000790229,3,1,1,0,no
0.554138899,1,5,1,0,yes
0.021208366,4,2,1,0,yes
0.032809831,1,1,2,0,yes
0.000731855,1,1,1,0,no
0.000731855,1,1,1,0,no
0.000731855,1,1,1,0,no
0.216265321,7,2,2,0,yes
0.019140273,3,3,1,0,yes
0.021203522,1,2,2,0,yes
0.001331772,7,1,2,0,no
0.001166294,7,1,2,0,no
0.00116511,7,1,2,0,no
0.068167694,7,2,2,0,yes
0.025388511,3,5,1,0,yes
0.026988929,1,3,1,0,yes
0.000981903,3,1,1,0,no
0.000839291,7,1,2,0,no
0.000726342,2,1,1,0,no
0.165559873,3,6,1,0,yes
0.02895407,2,10,1,0,yes
0.086413078,3,3,1,19,yes
0.000534554,1,1,2,0,no
0.000374593,7,1,2,0,no
0.000356445,1,1,1,0,no
0.42762813,3,15,1,0,yes
0.183490559,1,10,1,0,yes
0.026847312,3,3,1,0,yes
0.000497632,2,1,1,0,no
0.000317075,1,1,1,0,no
0.000265347,7,1,2,0,no
0.297000259,3,14,1,0,yes
0.240772113,1,10,1,0,yes
0.059217416,3,2,1,0,yes
0.000610272,2,1,1,0,no
0.000388845,1,1,1,0,no
0.000325409,7,1,2,0,no
0.033180285,7,5,1,0,yes
0.037556164,3,4,1,0,yes
0.093481354,7,1,2,0,yes
0.001350134,4,1,1,0,no
0.001183589,4,1,2,0,no
0.000858151,3,1,1,0,no
0.247623891,1,9,2,0,yes
0.013406753,2,7,1,0,yes
0.011510326,2,2,1,0,yes
0.000946369,7,1,2,0,no
0.000805731,5,1,1,0,no
0.000734318,7,1,2,0,no
0.08185342,1,4,2,33,yes
0.022318965,1,7,1,0,yes
0.055389743,5,2,2,0,yes
0.001625482,7,1,2,0,no
0.001583736,1,1,2,0,no
0.001385606,7,1,2,0,no
0.049708012,3,2,1,0,yes
0.022583641,2,3,1,0,yes
0.052573107,7,1,2,0,yes
0.001078895,7,1,2,0,no
0.000943886,7,1,2,0,no
0.000692417,7,1,2,0,no
0.460082918,3,20,1,0,yes
0.045871094,1,6,1,0,yes
0.028839052,1,6,2,0,yes
0.000385659,6,1,1,0,no
0.000385475,7,1,1,0,no
0.00027997,6,1,1,0,no
0.166872531,3,2,1,0,yes
0.241023988,7,1,2,0,yes
0.05292587,3,1,1,0,yes
0.012685128,7,1,2,0,no
0.006353958,2,1,1,0,no
0.0055597,3,1,1,0,no
0.128367662,3,2,1,0,yes
0.070679098,3,3,1,0,yes
0.031169772,2,5,1,0,yes
0.002213379,3,1,2,0,no
0.001936545,6,1,2,0,no
0.00189134,3,1,1,0,no
0.084216662,7,4,1,0,yes
0.129659981,7,1,2,0,yes
0.018528469,1,4,1,0,yes
0.000779452,1,1,1,0,no
0.000778661,3,1,1,0,no
0.000494237,5,1,1,0,no
0.770910442,3,13,1,0,yes
0.018109672,3,6,1,0,yes
0.01498981,7,1,2,0,yes
0.000544544,7,1,2,0,no
0.000507382,3,1,1,0,no
0.000507382,3,1,1,0,no
0.147380888,7,1,2,0,yes
0.143509507,7,1,2,0,yes
0.103245661,3,1,2,0,yes
0.007515926,7,1,1,0,no
0.006224859,7,1,2,0,no
0.005586508,7,1,2,0,no
0.182368591,1,6,1,0,yes
0.138490602,1,5,1,1,yes
0.075926788,2,6,1,9,yes
0.001060923,4,1,2,0,no
0.000957552,5,1,1,0,no
0.000777136,1,1,1,0,no
0.163425937,3,12,1,0,yes
0.071849056,2,7,1,0,yes
0.062819727,3,7,1,0,yes
0.000892521,3,1,1,0,no
0.000566894,2,1,1,0,no
0.000566458,3,1,1,0,no
0.193086639,3,3,1,0,yes
0.219232887,3,1,2,5,yes
0.076354474,7,2,2,0,yes
0.00349675,7,1,1,0,no
0.002421592,5,1,1,0,no
0.001832316,1,1,1,0,no
0.073658496,3,6,1,0,yes
0.021756707,3,8,1,0,yes
0.018476585,2,5,1,0,yes
0.00078806,7,1,1,0,no
0.00078806,7,1,1,0,no
0.000786884,6,1,1,0,no
0.097549602,3,3,1,9,yes
0.051938847,1,3,1,0,yes
0.022027705,3,2,1,0,yes
0.001344941,7,1,2,0,no
0.001177939,7,1,2,0,no
0.00115636,7,1,2,0,no
0.423531353,3,3,1,0,yes
0.069195598,3,2,1,0,yes
0.025166849,2,3,1,0,yes
0.010466573,3,1,2,0,no
0.008358891,7,1,2,46,no
0.006283879,2,1,2,0,no
0.135547951,1,4,1,0,yes
0.08851511,2,2,2,0,yes
0.025867231,2,3,1,1,yes
0.001517421,7,1,2,0,no
0.001410619,2,1,1,0,no
0.001410619,2,1,1,0,no
0.232959345,3,3,1,0,yes
0.230358899,7,2,2,55,yes
0.160675451,3,2,2,0,yes
0.002863256,7,1,2,0,no
0.001922146,3,1,2,0,no
0.001818829,7,1,2,0,no
0.061542295,2,4,1,0,yes
0.058312323,3,1,1,0,yes
0.052979495,7,1,2,0,yes
0.001364634,7,1,2,0,no
0.000808794,3,1,1,0,no
0.000807714,2,1,1,0,no
0.225608513,5,2,1,0,yes
0.097464718,3,1,2,0,yes
0.093340196,7,1,2,4,yes
0.015965858,7,1,2,0,no
0.008919428,7,1,2,0,no
0.0068119,7,1,2,0,no
0.190679312,3,3,1,0,yes
0.216499567,3,1,2,14,yes
0.075402513,7,2,2,0,yes
0.003453153,7,1,1,0,no
0.002391401,5,1,1,0,no
0.001809472,1,1,1,0,no
0.253734171,1,16,1,0,yes
0.16605629,3,18,1,0,yes
0.080013856,1,5,1,0,yes
0.000529784,1,1,1,0,no
0.000455763,3,1,1,0,no
0.000336878,2,1,1,0,no
0.056982737,1,8,1,0,yes
0.054565944,2,7,1,21,yes
0.06089361,3,3,2,0,yes
0.000735524,7,1,2,0,no
0.00073419,7,1,2,0,no
0.000434508,1,1,1,0,no
0.263880014,3,3,1,0,yes
0.045819327,1,2,2,0,yes
0.077319182,2,1,2,0,yes
0.006062383,7,1,2,0,no
0.00489905,3,1,1,0,no
0.00312293,3,1,1,0,no
0.236166239,3,3,1,0,yes
0.093710311,3,3,1,0,yes
0.097808331,1,1,1,0,yes
0.019180063,7,1,2,0,no
0.019180063,7,1,2,0,no
0.012167182,7,1,2,0,no
0.425303131,3,5,1,0,yes
0.040325556,2,3,1,0,yes
0.051558916,1,1,2,4,yes
0.001332891,7,1,2,0,no
0.001027711,3,1,1,0,no
0.000954275,1,1,1,0,no
0.086369567,3,5,1,0,yes
0.032719102,7,8,1,0,yes
0.035928305,2,7,1,0,yes
0.000448001,3,1,1,0,no
0.000393139,1,1,1,0,no
0.000277304,3,1,1,0,no
0.060031038,1,3,1,1,yes
0.157536164,2,1,2,0,yes
0.106589451,1,1,2,0,yes
0.005435701,3,1,1,0,no
0.004267492,1,1,2,0,no
0.004040299,7,1,2,0,no
0.403103709,3,9,1,0,yes
0.213647455,1,9,1,0,yes
0.03036234,3,5,1,0,yes
0.000585429,3,1,1,0,no
0.00058495,1,1,1,0,no
0.000371865,2,1,1,1,no
0.130205289,3,3,1,6,yes
0.348895431,1,1,2,0,yes
0.080248512,7,1,2,0,yes
0.003950478,7,1,2,0,no
0.002969197,7,1,2,0,no
0.002633854,7,1,2,0,no
0.432724237,3,4,1,0,yes
0.116951995,2,3,1,0,yes
0.150712267,7,2,2,19,yes
0.012163047,6,1,1,38,no
0.009285772,7,1,2,0,no
0.009285772,7,1,2,0,no
0.159495845,3,5,1,0,yes
0.089337751,3,6,1,0,yes
0.056054965,4,1,2,0,yes
0.002621625,7,1,2,0,no
0.001477474,2,1,2,0,no
0.001170973,1,1,2,0,no
0.400303274,3,1,1,0,yes
0.132649094,2,2,1,7,yes
0.08760903,7,1,2,0,yes
0.01979116,7,1,2,0,no
0.01724788,2,1,1,0,no
0.009967877,7,1,2,0,no
0.526595831,3,1,1,0,yes
0.098550588,2,2,1,8,yes
0.064901531,7,1,2,22,yes
0.024333477,3,1,1,0,no
0.015199671,3,1,2,0,no
0.011631246,6,1,2,0,no
0.236190513,1,3,1,0,yes
0.096653141,3,2,1,0,yes
0.115179412,2,1,1,0,yes
0.0074496,7,1,2,0,no
0.006962153,3,1,1,0,no
0.006962153,6,1,1,0,no
0.44806236,3,20,1,0,yes
0.045126677,1,6,1,0,yes
0.020215392,1,6,2,0,yes
0.000378857,6,1,1,0,no
0.000378661,7,1,1,0,no
0.000275103,6,1,1,0,no
0.595310032,3,1,1,0,yes
0.132220596,7,1,2,18,yes
0.063233644,2,2,1,4,yes
0.071696445,7,1,2,0,no
0.012129844,6,1,2,0,no
0.010621548,3,1,2,0,no
0.265994549,3,3,1,1,yes
0.018851757,3,5,1,0,yes
0.030136624,7,2,2,0,yes
0.000595855,7,1,1,0,no
0.000595855,3,1,1,0,no
0.000595855,3,1,1,0,no
0.168548614,3,6,1,0,yes
0.056301527,2,10,1,0,yes
0.087955102,3,3,1,28,yes
0.000543282,1,1,2,0,no
0.000380732,7,1,2,0,no
0.000362286,1,1,1,0,no
0.136746019,1,5,1,1,yes
0.057483852,1,4,1,0,yes
0.028258931,3,4,1,0,yes
0.001078833,7,1,2,0,no
0.001078833,1,1,2,0,no
0.000374787,1,1,1,0,no
0.086309522,3,11,1,0,yes
0.062273771,2,10,1,23,yes
0.027006531,1,4,1,0,yes
0.000802612,7,1,2,0,no
0.000802612,7,1,2,0,no
0.000802612,7,1,2,0,no
0.414017856,7,2,2,44,yes
0.158128873,7,1,2,0,yes
0.098327912,2,1,1,0,yes
0.016901901,7,1,2,0,no
0.010890215,1,1,2,0,no
0.003561404,7,1,2,39,no
0.226386234,3,7,1,1,yes
0.156236336,3,4,1,0,yes
0.085249469,3,1,2,0,yes
0.002377603,7,1,2,0,no
0.002136388,2,1,2,0,no
0.001264741,2,1,1,0,no
0.512037516,1,7,1,0,yes
0.154831842,1,1,1,1,yes
0.036300223,2,1,2,39,yes
0.000996536,7,1,2,0,no
0.000968578,1,1,1,0,no
0.000928214,1,1,1,0,no
0.221244261,1,5,1,0,yes
0.077961385,2,9,1,38,yes
0.084717862,3,2,1,0,yes
0.000726527,2,1,2,0,no
0.000675963,1,1,1,0,no
0.000675963,1,1,1,0,no
0.07615535,1,6,1,0,yes
0.074894905,6,1,2,0,yes
0.021109955,7,2,2,0,yes
0.000569849,7,1,2,0,no
0.000472066,1,1,2,0,no
0.000471622,1,1,2,0,no
0.166872531,3,2,1,0,yes
0.241023988,7,1,2,0,yes
0.05292587,3,1,1,0,yes
0.012685128,7,1,2,0,no
0.006353958,2,1,1,0,no
0.0055597,3,1,1,0,no
0.432724237,3,4,1,0,yes
0.116951995,2,3,1,0,yes
0.150712267,7,2,2,19,yes
0.012163047,6,1,1,38,no
0.009285772,7,1,2,0,no
0.009285772,7,1,2,0,no
0.053899385,3,4,1,0,yes
0.040160436,2,2,1,0,yes
0.079450376,7,1,2,0,yes
0.001127624,7,1,2,0,no
0.001040941,2,1,1,0,no
0.000975903,2,1,1,0,no
0.515856743,3,1,1,0,yes
0.115657747,6,1,2,0,yes
0.070185982,3,1,1,0,yes
0.004165063,3,1,1,0,no
0.004165063,7,1,1,0,no
0.002649521,3,1,1,0,no
0.263880014,3,3,1,0,yes
0.045819327,1,2,2,0,yes
0.077319182,2,1,2,0,yes
0.006062383,7,1,2,0,no
0.00489905,3,1,1,0,no
0.00312293,3,1,1,0,no
0.196447864,3,4,1,0,yes
0.018250313,2,5,1,1,yes
0.01471278,3,3,1,0,yes
0.000986072,3,1,1,0,no
0.000715361,3,1,1,0,no
0.00062727,3,1,1,0,no
0.05807833,2,4,1,21,yes
0.032058708,1,6,1,0,yes
0.023529872,2,4,1,0,yes
0.001006542,6,1,2,0,no
0.001006542,6,1,2,0,no
0.001005432,7,1,2,0,no
0.285440475,3,9,1,0,yes
0.056717545,7,2,2,0,yes
0.050654676,2,1,1,0,yes
0.004190336,7,1,2,0,no
0.00383988,7,1,2,0,no
0.002913353,3,1,1,0,no
0.023873832,7,2,2,0,yes
0.020575024,7,2,2,0,yes
0.013403118,1,3,1,0,yes
0.002400201,7,1,2,0,no
0.002282168,1,1,2,0,no
0.002075718,7,1,2,0,no
0.168200731,3,1,1,0,yes
0.07593745,1,1,1,0,yes
0.037717871,2,2,1,53,yes
0.010767085,7,1,2,0,no
0.01003388,1,1,1,0,no
0.01003388,2,1,1,0,no
0.432428449,3,4,1,0,yes
0.247783944,3,3,1,1,yes
0.043558244,7,1,2,0,yes
0.001628058,7,1,1,0,no
0.001407765,1,1,2,0,no
0.001206456,7,1,2,0,no
0.084380798,2,9,1,19,yes
0.170646548,3,3,1,0,yes
0.025285862,7,2,2,0,yes
0.000730502,2,1,1,0,no
0.000729696,7,1,1,0,no
0.000512112,2,1,1,0,no
0.225667551,1,2,1,0,yes
0.1568432,3,1,1,0,yes
0.078296326,7,1,2,33,yes
0.008143413,3,1,1,0,no
0.008127535,1,1,1,0,no
0.008127535,2,1,1,0,no
0.02728131,2,8,1,0,yes
0.186623603,7,1,2,16,yes
0.023796547,3,2,1,0,yes
0.000467014,7,1,2,0,no
0.000412662,7,1,1,0,no
0.000411931,2,1,1,0,no
0.210255623,3,9,1,0,yes
0.025059059,2,4,1,0,yes
0.018555803,1,4,1,0,yes
0.0014804,7,1,2,0,no
0.001478423,7,1,2,0,no
0.000901635,3,1,1,0,no
0.125770152,3,11,1,0,yes
0.148948833,1,8,1,0,yes
0.084325939,2,8,1,16,yes
0.000571864,3,1,1,0,no
0.000467941,2,1,1,0,no
0.000467347,2,1,1,0,no
0.086659029,7,2,1,0,yes
0.152235195,7,1,2,0,yes
0.119052559,3,1,2,0,yes
0.004394209,2,1,1,0,no
0.003143444,1,1,2,0,no
0.002792034,3,1,1,0,no
0.206675351,3,3,1,1,yes
0.169932023,3,2,1,12,yes
0.119858734,1,1,1,0,yes
0.011413718,3,1,2,0,no
0.007813071,7,1,2,0,no
0.007813071,7,1,2,0,no
0.083199389,7,4,1,0,yes
0.128128648,7,1,2,0,yes
0.01829746,1,4,1,0,yes
0.000769652,1,1,1,0,no
0.000768871,3,1,1,0,no
0.000488022,5,1,1,0,no
0.038492274,1,4,1,0,yes
0.03213691,1,3,2,0,yes
0.047295231,1,1,2,0,yes
0.001353415,1,1,2,0,no
0.00135178,7,1,2,0,no
0.000802098,2,1,1,0,no
0.391956598,1,5,1,0,yes
0.054043423,3,2,1,0,yes
0.069053419,6,1,2,0,yes
0.002089325,2,1,1,0,no
0.002089325,2,1,1,0,no
0.001570149,7,1,2,0,no
0.069689848,7,2,2,0,yes
0.104018435,7,1,2,0,yes
0.04619218,1,2,1,0,yes
0.004478259,4,1,2,0,no
0.003918421,7,1,2,0,no
0.003041219,7,1,2,0,no
0.081333384,1,6,1,0,yes
0.067905582,3,6,1,0,yes
0.090452477,1,4,1,0,yes
0.003721833,7,1,2,0,no
0.00259864,7,1,2,0,no
0.00241576,2,1,1,0,no
0.207815826,1,4,1,0,yes
0.179334074,1,4,1,0,yes
0.076845519,7,1,2,0,yes
0.004190607,1,1,2,0,no
0.003692019,7,1,2,0,no
0.00242862,7,1,2,0,no
0.130766153,3,2,1,0,yes
0.214302868,1,1,2,0,yes
0.130766153,1,1,1,0,yes
0.005688228,7,1,1,0,no
0.004959141,3,1,1,0,no
0.003628851,1,1,2,0,no
0.122751869,3,2,1,0,yes
0.033525206,3,5,1,0,yes
0.075242758,3,2,1,0,yes
0.002036137,7,1,2,0,no
0.001924301,1,1,1,0,no
0.001921977,3,1,1,0,no
0.041881956,3,8,1,44,yes
0.101759218,4,2,2,0,yes
0.026895065,3,6,1,0,yes
0.000701125,7,1,2,0,no
0.000701125,7,1,2,0,no
0.000654398,2,1,1,0,no
0.201979786,7,2,2,0,yes
0.019595439,1,2,2,0,yes
0.017686706,3,2,1,0,yes
0.00107458,7,1,2,0,no
0.00107458,6,1,2,0,no
0.000978512,7,1,2,0,no
0.684471071,1,14,1,0,yes
0.099563092,3,10,1,0,yes
0.013143958,1,2,1,0,yes
0.000416363,1,1,1,0,no
0.000416363,2,1,1,0,no
0.000416363,7,1,1,0,no
0.036644466,1,4,1,0,yes
0.055658441,7,2,2,0,yes
0.067452133,7,1,2,0,yes
0.000718536,4,1,2,0,no
0.000710002,1,1,1,0,no
0.000425638,7,1,1,0,no
0.433604807,3,2,1,0,yes
0.054901719,3,1,2,0,yes
0.019605499,1,2,1,0,yes
0.00472911,2,1,1,0,no
0.00472911,1,1,1,0,no
0.00387289,1,1,2,0,no
0.678297698,1,2,1,0,yes
0.086853452,1,2,1,0,yes
0.068596035,3,1,1,0,yes
0.006890111,7,1,2,0,no
0.004084375,1,1,1,0,no
0.004084375,2,1,1,0,no
0.252000809,3,5,1,0,yes
0.124415219,7,2,1,0,yes
0.074739218,3,2,2,44,yes
0.00217321,7,1,2,35,no
0.00210035,7,1,2,0,no
0.001241218,2,1,1,0,no
0.052863337,2,7,1,0,yes
0.198876709,7,1,2,4,yes
0.01809747,7,9,1,0,yes
0.000507637,3,1,1,0,no
0.000478724,7,1,1,0,no
0.00040408,3,1,1,0,no
0.07741797,1,16,1,0,yes
0.033991165,2,8,1,1,yes
0.039887376,1,6,1,0,yes
0.000450194,1,1,1,0,no
0.000286171,7,1,1,0,no
0.000285789,3,1,1,0,no
0.15162155,7,2,1,0,yes
0.115113981,3,1,2,0,yes
0.104864985,7,1,2,0,yes
0.008431181,4,1,2,0,no
0.007845437,2,1,1,0,no
0.004993629,3,1,1,0,no
0.02320502,3,3,1,0,yes
0.066034906,7,1,2,49,yes
0.060776293,7,1,2,0,yes
0.001890764,7,1,2,0,no
0.001581354,7,1,1,0,no
0.001579611,7,1,1,0,no
0.270131022,1,3,1,0,yes
0.083772883,3,3,1,27,yes
0.213581607,3,1,2,0,yes
0.003874193,7,1,2,0,no
0.003601688,2,1,1,0,no
0.002293864,2,1,1,0,no
0.060895167,7,1,2,0,yes
0.027145581,7,2,2,0,yes
0.053427409,1,1,2,0,yes
0.000921598,2,1,1,0,no
0.000805166,7,1,1,0,no
0.000804193,3,1,1,0,no
0.08011961,7,2,2,0,yes
0.094721459,3,1,2,0,yes
0.082260206,7,1,2,0,yes
0.002007717,3,1,1,0,no
0.00186429,7,1,1,0,no
0.001640041,7,1,2,0,no
0.226559877,2,12,1,0,yes
0.044882834,3,5,1,0,yes
0.043280713,2,4,1,0,yes
0.001318817,7,1,2,0,no
0.00108474,7,1,2,0,no
0.000779619,2,1,1,0,no
0.309697032,1,2,1,0,yes
0.217551723,3,1,1,0,yes
0.069786474,7,1,2,24,yes
0.012436019,6,1,2,0,no
0.011589837,1,1,1,0,no
0.011589837,2,1,1,0,no
0.250617474,1,5,1,0,yes
0.202361614,1,3,2,37,yes
0.203009188,1,2,1,0,yes
0.002519586,7,1,2,0,no
0.002182044,2,1,1,0,no
0.002178354,2,1,1,0,no
0.387199581,1,7,1,1,yes
0.19292289,1,5,1,0,yes
0.020789843,1,4,2,0,yes
0.00100919,1,1,1,0,no
0.000784053,3,1,1,0,no
0.000644466,7,1,1,0,no
0.692983091,1,5,2,0,yes
0.019710599,2,3,1,0,yes
0.058863062,3,1,2,0,yes
0.001506746,7,1,2,0,no
0.001405184,3,1,1,0,no
0.000891944,2,1,1,0,no
0.247623891,1,9,2,0,yes
0.013406753,2,7,1,0,yes
0.011510326,2,2,1,0,yes
0.000946369,7,1,2,0,no
0.000805731,5,1,1,0,no
0.000734318,7,1,2,0,no
0.366126776,1,5,1,1,yes
0.106282763,1,3,1,0,yes
0.168748304,1,1,1,0,yes
0.003066666,7,1,2,0,no
0.002457966,7,1,2,34,no
0.001956142,7,1,2,0,no
0.182368591,1,6,1,0,yes
0.138490602,1,5,1,1,yes
0.075926788,2,6,1,9,yes
0.001060923,4,1,2,0,no
0.000957552,5,1,1,0,no
0.000777136,1,1,1,0,no
0.067600675,2,6,1,0,yes
0.043206029,1,4,2,0,yes
0.096871123,1,1,2,0,yes
0.001831132,7,1,2,0,no
0.001083869,3,1,1,0,no
0.00094636,1,1,1,0,no
0.098365791,1,3,1,0,yes
0.036083262,2,4,1,0,yes
0.143789336,7,1,2,0,yes
0.001779569,3,1,2,0,no
0.001757152,7,1,2,0,no
0.001657573,3,1,1,0,no
0.38658157,3,3,1,0,yes
0.053692754,7,1,2,0,yes
0.033571392,7,1,2,0,yes
0.004469579,7,1,2,0,no
0.004469579,7,1,2,0,no
0.004155201,3,1,1,0,no
0.181487903,3,1,1,0,yes
0.082257889,1,1,1,0,yes
0.080993891,3,1,2,0,yes
0.010930398,7,1,1,0,no
0.010899589,2,1,1,0,no
0.010899589,1,1,1,0,no
0.168192908,5,2,2,0,yes
0.158925503,7,2,2,0,yes
0.208496407,7,1,2,0,yes
0.032847513,7,1,2,0,no
0.020967264,7,1,2,0,no
0.017180979,7,1,1,0,no
0.023515563,1,6,1,0,yes
0.09145993,6,1,2,0,yes
0.026680302,7,2,2,0,yes
0.000788638,1,1,2,0,no
0.000732727,1,1,1,0,no
0.000725523,7,1,2,0,no
0.118565418,2,4,1,1,yes
0.070822977,3,2,1,0,yes
0.080097713,2,1,2,0,yes
0.002146209,7,1,1,0,no
0.00130972,2,1,1,0,no
0.00130972,2,1,1,0,no
0.52596426,3,9,1,0,yes
0.009531605,7,2,1,0,yes
0.014814412,5,1,2,0,yes
0.001126751,7,1,2,0,no
0.001112554,6,1,2,0,no
0.001050612,3,1,1,0,no
0.503401756,1,10,1,0,yes
0.093490012,1,4,1,0,yes
0.034703936,5,6,1,47,yes
0.000517134,2,1,1,0,no
0.00048769,1,1,2,0,no
0.000376174,2,1,1,0,no
0.252932906,3,1,1,0,yes
0.059357204,2,3,1,0,yes
0.12981084,7,1,2,0,yes
0.001924536,7,1,1,0,no
0.001924536,2,1,1,0,no
0.001924536,7,1,1,0,no
0.626433671,3,7,1,0,yes
0.016279703,1,3,1,0,yes
0.038748562,3,1,1,0,yes
0.001019669,7,1,2,0,no
0.000987328,7,1,2,0,no
0.0009854,2,1,2,0,no
0.08180856,7,4,1,11,yes
0.062073234,1,5,1,0,yes
0.06778653,3,3,1,0,yes
0.000850003,7,1,2,0,no
0.000850003,7,1,2,0,no
0.000849259,7,1,2,0,no
0.10691198,2,10,1,0,yes
0.062720805,2,14,1,19,yes
0.043319896,2,10,1,0,yes
0.000380097,2,1,1,0,no
0.000380097,1,1,1,0,no
0.000235743,1,1,2,0,no
0.349540383,3,3,1,0,yes
0.28896904,7,1,2,0,yes
0.116800979,7,1,2,0,yes
0.032114193,7,1,2,0,no
0.016635561,4,1,2,0,no
0.009874767,3,1,1,0,no
0.326473176,3,5,1,0,yes
0.110947125,3,4,1,0,yes
0.072587185,3,4,1,0,yes
0.001495552,4,1,2,0,no
0.001493023,5,1,2,0,no
0.001493023,3,1,2,0,no
0.35326913,3,1,1,0,yes
0.163243234,1,1,1,0,yes
0.081741191,7,1,2,0,yes
0.042719334,2,1,1,0,no
0.0371783,7,1,2,0,no
0.026981985,7,1,2,0,no
0.217647135,3,3,1,0,yes
0.122382648,2,4,1,32,yes
0.070418477,7,1,2,0,yes
0.002297169,7,1,2,0,no
0.002297169,7,1,2,0,no
0.002297169,7,1,2,0,no
0.432887435,1,14,1,0,yes
0.180099458,1,11,1,0,yes
0.054697119,1,2,2,0,yes
0.00049504,7,1,1,0,no
0.000419465,7,1,2,0,no
0.000366956,7,1,2,0,no
0.064427011,1,2,1,0,yes
0.114975423,6,1,2,0,yes
0.045550227,7,1,2,47,yes
0.005976402,3,1,1,0,no
0.005976402,2,1,1,0,no
0.00412881,3,1,1,0,no
0.159933478,3,4,1,0,yes
0.101517662,7,1,2,44,yes
0.058266684,7,1,2,0,yes
0.00146945,1,1,1,0,no
0.00138861,3,1,1,0,no
0.001338249,7,1,1,0,no
0.708099723,1,7,1,0,yes
0.014786381,3,4,1,0,yes
0.012880765,1,3,1,0,yes
0.000863145,7,1,2,0,no
0.000771846,7,1,2,0,no
0.000576589,7,1,2,0,no
0.164283335,2,6,1,0,yes
0.063586287,2,6,1,40,yes
0.102669269,3,3,1,0,yes
0.00083022,1,1,1,0,no
0.00083022,2,1,1,0,no
0.000526815,1,1,1,0,no
0.043921307,2,7,1,0,yes
0.198626831,7,1,2,4,yes
0.025753226,3,5,1,0,yes
0.000508955,3,1,1,0,no
0.000479758,3,1,1,0,no
0.000405146,3,1,1,0,no
0.215140522,2,5,1,0,yes
0.086307645,1,3,1,0,yes
0.079932086,1,3,1,0,yes
0.001363201,7,1,2,0,no
0.001262652,2,1,1,0,no
0.001262652,2,1,1,0,no
0.073344931,3,2,1,0,yes
0.013821151,2,4,1,0,yes
0.053033501,7,1,2,0,yes
0.000766696,7,1,2,0,no
0.000639742,3,1,1,0,no
0.000638492,7,1,1,0,no
0.284057796,3,3,1,0,yes
0.16542615,6,1,2,26,yes
0.150865689,7,1,1,0,yes
0.005169975,7,1,2,0,no
0.005169975,7,1,2,0,no
0.003062204,3,1,1,0,no
0.08958523,2,8,1,1,yes
0.119352743,1,1,2,0,yes
0.032271873,1,3,1,0,yes
0.001529373,1,1,2,0,no
0.00142741,2,1,2,0,no
0.001417902,7,1,1,0,no
0.100207023,1,5,1,0,yes
0.242372409,4,1,2,0,yes
0.030944904,3,3,1,0,yes
0.001015455,3,1,1,0,no
0.001015455,1,1,1,0,no
0.001015455,7,1,1,0,no
0.04209128,7,4,1,0,yes
0.046405602,7,2,2,0,yes
0.033893827,3,2,1,0,yes
0.001164378,1,1,1,0,no
0.000740205,2,1,1,0,no
0.000739599,7,1,1,0,no
0.199305147,7,2,2,0,yes
0.246046975,3,1,1,0,yes
0.112346917,1,1,1,0,yes
0.015008735,1,1,1,0,no
0.015008735,2,1,1,0,no
0.009553625,3,1,1,0,no
0.092234045,1,4,1,0,yes
0.038556296,3,2,1,0,yes
0.020246763,1,3,1,0,yes
0.001220591,5,1,1,0,no
0.00121857,2,1,1,0,no
0.000772732,7,1,1,0,no
0.246753141,3,1,1,0,yes
0.090166397,1,1,1,0,yes
0.0720056,5,1,2,0,yes
0.020277524,7,1,2,0,no
0.016158892,7,1,2,0,no
0.012866871,7,1,2,0,no
0.720955372,3,2,1,0,yes
0.084561102,1,1,1,0,yes
0.022431653,7,1,2,0,yes
0.00927853,7,1,2,0,no
0.009069254,3,1,1,29,no
0.007939445,7,1,1,0,no
0.442572802,3,1,1,1,yes
0.059225418,3,1,1,0,yes
0.048358113,7,1,2,4,yes
0.006815277,7,1,2,0,no
0.00543065,7,1,2,0,no
0.002561999,2,1,1,1,no
0.1872776,3,1,1,0,yes
0.1872776,2,1,1,1,yes
0.137771875,7,1,2,0,yes
0.024162589,7,1,2,0,no
0.016252287,7,1,2,0,no
0.014959819,7,1,2,0,no
0.553404629,3,10,1,10,yes
0.116651863,4,5,2,39,yes
0.041716646,3,1,2,0,yes
0.000237955,3,1,1,0,no
0.000237637,3,1,1,0,no
0.000237637,3,1,1,0,no
0.546572328,3,2,2,0,yes
0.16766724,6,1,2,0,yes
0.048858084,3,1,2,0,yes
0.024084287,7,1,2,0,no
0.007982456,7,1,2,0,no
0.006988271,4,1,2,0,no
0.12820369,3,2,2,0,yes
0.115127608,3,2,1,0,yes
0.130288377,3,1,2,0,yes
0.018446149,7,1,2,0,no
0.018446149,2,1,2,0,no
0.016367815,4,1,2,0,no
0.331943661,3,1,2,0,yes
0.207973123,3,1,1,0,yes
0.10759943,3,1,2,0,yes
0.03581005,7,1,2,0,no
0.031384032,2,1,2,0,no
0.013907038,7,1,2,26,no
0.294232875,1,1,2,0,yes
0.138899371,1,2,1,0,yes
0.062932543,3,4,1,0,yes
0.001682633,7,1,2,0,no
0.001564234,7,1,1,0,no
0.001225588,7,1,2,0,no
0.259037316,7,1,2,0,yes
0.153700233,2,1,1,1,yes
0.071388505,5,1,1,0,yes
0.01558879,7,1,2,0,no
0.012886252,5,1,2,20,no
0.006087885,3,1,1,0,no
0.447689742,3,2,1,0,yes
0.06056989,1,1,1,0,yes
0.048358738,2,1,2,0,yes
0.009887265,7,1,2,0,no
0.008603299,7,1,2,0,no
0.005738292,1,1,2,0,no
0.411072791,3,3,1,0,yes
0.107208453,1,3,1,0,yes
0.049802229,1,3,1,0,yes
0.001707928,3,1,1,0,no
0.001188991,3,1,1,0,no
0.001186669,2,1,1,0,no
0.77098161,1,12,1,1,yes
0.007654171,1,6,1,0,yes
0.011647058,7,3,2,0,yes
0.000319172,1,1,1,0,no
0.00031674,7,1,2,0,no
0.000266334,3,1,2,0,no
0.592153192,1,18,1,31,yes
0.032085501,2,12,1,1,yes
0.027131686,1,2,2,0,yes
0.000382252,1,1,1,0,no
0.000382252,1,1,1,0,no
0.000277963,3,1,1,0,no
0.109999955,2,11,1,46,yes
0.063556075,2,10,1,1,yes
0.065876834,1,6,1,0,yes
0.000750543,7,1,2,0,no
0.000665467,2,1,1,0,no
0.000647575,7,1,1,0,no
0.196304202,1,4,1,0,yes
0.094408251,1,3,2,0,yes
0.094309285,1,2,1,0,yes
0.000662141,2,1,1,0,no
0.000661152,7,1,1,0,no
0.000656203,7,1,2,0,no
0.226487532,3,7,1,26,yes
0.108236313,3,3,1,0,yes
0.095321901,7,2,2,0,yes
0.000745844,2,1,1,0,no
0.000745844,3,1,1,0,no
0.000745844,2,1,1,0,no
0.207750246,7,3,1,0,yes
0.061902098,1,3,1,0,yes
0.137082025,7,1,2,0,yes
0.00383516,7,1,2,0,no
0.003826595,7,1,2,0,no
0.003554362,5,1,2,0,no
0.098487467,1,3,2,0,yes
0.068588063,1,2,2,0,yes
0.116925716,1,1,2,19,yes
0.004481079,1,1,2,0,no
0.003566628,7,1,2,0,no
0.003566628,7,1,2,0,no
0.049359713,2,5,1,31,yes
0.030650314,2,3,1,0,yes
0.042777579,7,2,1,0,yes
0.00134915,1,1,1,0,no
0.00134915,1,1,1,0,no
0.000665829,3,1,1,0,no
0.095070206,1,6,1,1,yes
0.025459701,1,9,1,0,yes
0.034374539,2,5,1,0,yes
0.000854176,5,1,1,0,no
0.000780126,1,1,1,0,no
0.000619703,2,1,1,0,no
0.216265321,7,2,2,0,yes
0.019140273,3,3,1,0,yes
0.021203522,1,2,2,0,yes
0.001331772,7,1,2,0,no
0.001166294,7,1,2,0,no
0.00116511,7,1,2,0,no
0.198675767,3,20,1,0,yes
0.168532878,1,13,1,0,yes
0.095356904,1,6,1,0,yes
0.000398725,3,1,1,0,no
0.000294719,2,1,1,0,no
0.000228825,3,1,1,0,no
0.125866324,3,4,1,0,yes
0.063978426,3,2,1,0,yes
0.054184183,7,2,2,0,yes
0.002006775,1,1,2,0,no
0.001755706,7,1,2,0,no
0.000868972,1,1,2,0,no
0.187854782,3,8,1,1,yes
0.081575371,3,1,2,0,yes
0.01570945,3,2,2,0,yes
0.000883152,2,1,2,0,no
0.000883152,2,1,2,0,no
0.000881833,7,1,2,0,no
0.161026344,3,2,1,0,yes
0.09513326,7,1,2,0,yes
0.091184519,7,1,2,17,yes
0.002521316,7,1,2,0,no
0.002346499,7,1,1,0,no
0.001492626,7,1,1,0,no
0.406343848,1,6,1,1,yes
0.044257801,2,12,1,0,yes
0.039258085,3,4,1,39,yes
0.000788851,4,1,2,0,no
0.000776529,7,1,2,0,no
0.000466869,4,1,1,0,no
0.099836618,4,9,1,41,yes
0.086614527,1,5,1,0,yes
0.029262932,7,6,1,0,yes
0.00092496,7,1,1,0,no
0.000840304,3,1,1,0,no
0.000735116,7,1,1,0,no
0.310267776,3,17,1,10,yes
0.049308851,2,14,1,32,yes
0.031925287,2,8,1,0,yes
0.000479854,3,1,1,0,no
0.000479386,1,1,1,0,no
0.000437612,7,1,2,0,no
0.023491502,2,3,1,1,yes
0.034330428,7,2,2,0,yes
0.055482935,4,1,2,0,yes
0.002439707,4,1,2,0,no
0.002127715,7,1,2,0,no
0.001784321,7,1,2,0,no
0.552416921,3,21,1,0,yes
0.03626949,1,8,2,0,yes
0.003141667,3,12,1,0,yes
0.000418692,7,1,2,0,no
0.000248296,2,1,1,0,no
0.000248116,2,1,1,0,no
0.172584146,3,4,1,0,yes
0.210699052,7,2,2,0,yes
0.103193611,3,2,1,0,yes
0.011212522,7,1,2,18,no
0.007730929,1,1,1,0,no
0.007730929,2,1,1,0,no
0.115886614,1,4,1,0,yes
0.068659395,7,3,2,0,yes
0.023784177,2,6,1,0,yes
0.001389639,7,1,1,0,no
0.000920357,5,1,1,0,no
0.000919341,2,1,1,0,no
0.466188788,3,13,1,0,yes
0.080706425,1,4,1,0,yes
0.022061801,3,7,1,0,yes
0.000484442,3,1,1,0,no
0.000484019,1,1,1,0,no
0.000483623,1,1,1,0,no
0.291061401,1,7,1,0,yes
0.159703687,1,7,2,0,yes
0.030149989,2,6,1,0,yes
0.001698449,1,1,2,0,no
0.001692265,4,1,2,0,no
0.001001731,2,1,1,0,no
0.120568357,3,2,1,0,yes
0.110056497,7,1,2,0,yes
0.085844949,6,1,2,0,yes
0.007974964,1,1,1,0,no
0.007974964,2,1,1,0,no
0.005713943,1,1,2,0,no
0.485372514,1,11,1,0,yes
0.091786645,3,8,1,1,yes
0.116803631,1,1,2,0,yes
0.000526235,7,1,2,0,no
0.000525599,7,1,2,0,no
0.000311859,3,1,1,0,no
0.508756399,1,11,1,0,yes
0.092365973,3,8,1,10,yes
0.117487274,1,1,2,0,yes
0.000530439,7,1,2,0,no
0.000529798,7,1,2,0,no
0.000314352,3,1,1,0,no
0.327674955,1,4,1,0,yes
0.133853897,7,2,2,0,yes
0.15097551,7,1,2,0,yes
0.008189757,4,1,2,0,no
0.006548836,7,1,2,0,no
0.005213867,7,1,2,0,no
0.297332227,3,18,1,51,yes
0.10597951,1,7,1,0,yes
0.084478274,3,5,2,17,yes
0.000585827,1,1,1,0,no
0.000585827,1,1,1,0,no
0.000585827,1,1,1,0,no
0.375916064,7,1,2,9,yes
0.190294161,2,1,1,1,yes
0.087284729,4,1,2,0,yes
0.020270675,7,1,2,0,no
0.017355131,2,1,1,0,no
0.007643437,3,1,1,0,no
0.393987685,1,4,1,0,yes
0.033001777,1,3,1,0,yes
0.048418283,1,2,2,0,yes
0.001610026,7,1,2,0,no
0.001498507,2,1,1,0,no
0.001249348,1,1,2,0,no
0.074504152,2,4,1,23,yes
0.08465676,7,2,2,0,yes
0.024963433,2,4,1,0,yes
0.001411824,1,1,1,0,no
0.001129051,3,1,1,0,no
0.000999641,7,1,2,0,no
0.064941682,3,2,2,0,yes
0.045076355,7,2,2,0,yes
0.022336714,3,4,1,0,yes
0.001531705,7,1,2,0,no
0.001531705,7,1,2,0,no
0.001457992,7,1,2,0,no
0.045878511,2,3,1,0,yes
0.028459279,2,4,1,0,yes
0.018247096,3,4,1,0,yes
0.001177439,2,1,1,0,no
0.001177439,3,1,1,0,no
0.001030067,2,1,1,0,no
0.06406159,3,2,2,0,yes
0.044465479,7,2,2,0,yes
0.022034004,3,4,1,0,yes
0.001510947,7,1,2,0,no
0.001510947,7,1,2,0,no
0.001438233,7,1,2,0,no
0.482804984,3,7,1,0,yes
0.039637297,3,3,1,0,yes
0.028535092,2,2,1,1,yes
0.001088506,1,1,1,0,no
0.001088506,3,1,1,0,no
0.000937569,7,1,1,0,no
0.379159123,3,1,1,1,yes
0.126038626,3,2,1,0,yes
0.163782239,1,1,2,0,yes
0.005348159,2,1,1,0,no
0.005348159,2,1,1,0,no
0.004066409,4,1,2,0,no
0.079720944,3,2,1,0,yes
0.045397919,2,3,1,0,yes
0.089839183,7,1,2,0,yes
0.001742386,3,1,1,0,no
0.001740465,1,1,1,0,no
0.001740465,1,1,1,0,no
0.500455081,3,2,1,1,yes
0.108406909,1,1,1,0,yes
0.042858902,2,2,1,0,yes
0.008097703,6,1,2,0,no
0.00659018,7,1,1,0,no
0.003495308,7,1,2,31,no
0.024132606,2,6,1,0,yes
0.009640127,2,4,1,0,yes
0.022797916,3,1,1,0,yes
0.000893959,4,1,2,0,no
0.000714435,1,1,1,0,no
0.000626738,1,1,2,0,no
0.067894094,3,8,1,44,yes
0.065753452,2,4,1,1,yes
0.018362477,3,6,1,0,yes
0.001023071,7,1,2,0,no
0.001023071,7,1,2,0,no
0.000606312,1,1,1,0,no
0.197437972,3,2,1,0,yes
0.190494299,2,1,1,31,yes
0.177426696,1,1,1,0,yes
0.01839068,3,1,2,0,no
0.017937761,7,1,2,45,no
0.007466695,3,1,1,0,no
0.036622744,7,2,1,0,yes
0.014203697,3,4,1,0,yes
0.048903368,6,1,2,0,yes
0.000837318,7,1,1,0,no
0.000732509,2,1,1,0,no
0.000731869,2,1,1,0,no
0.424645722,1,9,1,0,yes
0.043805409,3,3,1,0,yes
0.050663941,7,2,2,22,yes
0.001280259,2,1,1,0,no
0.000964139,7,1,2,0,no
0.000812369,3,1,1,0,no
0.375620306,7,2,2,46,yes
0.194744304,3,2,2,0,yes
0.055133041,3,2,1,0,yes
0.003411207,2,1,1,0,no
0.002169907,3,1,1,0,no
0.002162011,3,1,1,0,no
0.283492595,3,2,1,0,yes
0.131991893,1,1,1,0,yes
0.092503175,7,1,2,0,yes
0.021570532,7,1,2,0,no
0.017580908,1,1,1,0,no
0.017580908,2,1,1,0,no
0.128942177,3,2,1,0,yes
0.189727947,7,1,2,0,yes
0.185956761,7,1,2,38,yes
0.015238759,3,1,1,0,no
0.013324756,4,1,2,0,no
0.013324756,7,1,2,0,no
0.081954651,7,8,2,0,yes
0.038686,3,9,1,0,yes
0.032138523,7,3,2,0,yes
0.000435367,7,1,2,0,no
0.000381376,7,1,2,0,no
0.000381115,7,1,2,0,no
0.135642335,7,2,2,0,yes
0.04195255,3,6,1,27,yes
0.013671932,3,8,1,0,yes
0.000490842,1,1,1,0,no
0.000490842,3,1,1,0,no
0.000479495,7,1,2,0,no
0.281269282,7,1,2,7,yes
0.092308208,4,1,2,0,yes
0.0632919,7,1,2,0,yes
0.009221343,7,1,2,0,no
0.008587556,7,1,1,0,no
0.006247432,3,1,1,7,no
0.258742273,7,1,2,0,yes
0.149463132,7,1,2,0,yes
0.035768986,3,3,1,0,yes
0.00923655,7,1,2,0,no
0.00923655,7,1,2,43,no
0.005785722,1,1,2,0,no
0.770910442,3,13,1,0,yes
0.018109672,3,6,1,0,yes
0.01498981,7,1,2,0,yes
0.000544544,7,1,2,0,no
0.000507382,3,1,1,0,no
0.000507382,3,1,1,0,no
0.500520229,1,8,1,0,yes
0.022946844,3,4,1,0,yes
0.023868281,2,3,1,0,yes
0.001122815,1,1,2,0,no
0.001046619,1,1,2,0,no
0.000664609,5,1,1,0,no
0.298686415,7,1,2,0,yes
0.152262926,2,1,1,0,yes
0.100736462,4,1,2,38,yes
0.018210616,3,1,1,0,no
0.018093526,7,1,2,0,no
0.011554596,7,1,2,0,no
0.591085553,3,13,1,0,yes
0.034789007,3,6,1,0,yes
0.004971175,1,3,1,0,yes
0.000747035,7,1,2,0,no
0.00069631,3,1,1,0,no
0.00069631,3,1,1,0,no
0.034096934,7,6,1,0,yes
0.012858002,2,4,1,0,yes
0.023139033,1,2,1,0,yes
0.001446774,7,1,2,0,no
0.001446774,4,1,2,0,no
0.001429745,1,1,1,0,no
0.036563966,3,3,1,0,yes
0.078566998,7,1,2,0,yes
0.031667992,2,2,1,26,yes
0.001962448,7,1,2,0,no
0.001962448,1,1,2,0,no
0.001825938,2,1,1,0,no
0.337374091,1,6,1,0,yes
0.232380331,1,4,1,0,yes
0.035407472,3,4,1,0,yes
0.001627033,1,1,1,0,no
0.001302072,3,1,1,0,no
0.001036059,4,1,1,0,no
0.600305319,3,2,1,0,yes
0.090757504,3,2,1,0,yes
0.086003982,1,1,1,0,yes
0.008873791,7,1,2,0,no
0.005265307,1,1,1,0,no
0.005265307,2,1,1,0,no
0.526595831,3,1,1,0,yes
0.098550588,2,2,1,8,yes
0.064901531,7,1,2,22,yes
0.024333477,3,1,1,0,no
0.015199671,3,1,2,0,no
0.011631246,6,1,2,0,no
0.240564689,1,4,1,0,yes
0.131008938,7,2,1,0,yes
0.077725247,3,3,1,0,yes
0.004148718,3,1,1,0,no
0.003892251,7,1,2,0,no
0.003892251,7,1,2,0,no
0.547600389,3,1,1,0,yes
0.09111543,1,1,1,0,yes
0.036022678,2,2,1,8,yes
0.020814467,1,1,1,0,no
0.014010846,3,1,2,0,no
0.010720146,6,1,2,0,no
0.537875354,3,1,1,0,yes
0.201384723,3,1,1,0,yes
0.039439432,2,2,1,4,yes
0.044860948,7,1,2,0,no
0.015493152,6,1,2,0,no
0.013565365,3,1,2,0,no
0.39106375,3,1,1,0,yes
0.128414616,1,1,1,0,yes
0.050999876,2,2,1,7,yes
0.016632387,2,1,1,0,no
0.010615657,6,1,2,0,no
0.009609816,7,1,2,0,no
0.342505217,7,2,2,50,yes
0.206055656,3,1,2,0,yes
0.185731813,3,1,1,1,yes
0.019949151,7,1,2,0,no
0.019949151,7,1,2,0,no
0.011857001,2,1,1,0,no
0.087247036,7,2,1,0,yes
0.04932243,2,3,1,0,yes
0.038779944,3,2,1,0,yes
0.00209716,7,1,1,0,no
0.001554257,3,1,1,0,no
0.001552181,3,1,1,0,no
0.0394173,3,4,1,0,yes
0.046451785,1,2,2,0,yes
0.023377372,2,3,1,27,yes
0.001106158,1,1,1,0,no
0.000703205,7,1,1,0,no
0.000703205,3,1,1,0,no
0.297809839,3,3,2,1,yes
0.166093513,7,1,2,0,yes
0.101995237,2,1,1,0,yes
0.020160731,7,1,2,0,no
0.010476659,7,1,2,0,no
0.005899117,7,1,2,0,no
0.44806236,3,20,1,0,yes
0.045126677,1,6,1,0,yes
0.020215392,1,6,2,0,yes
0.000378857,6,1,1,0,no
0.000378661,7,1,1,0,no
0.000275103,6,1,1,0,no
0.259625435,3,11,1,0,yes
0.047623683,7,2,2,18,yes
0.022852961,1,3,1,0,yes
0.000616975,7,1,2,0,no
0.000396299,3,1,1,0,no
0.000307896,3,1,1,0,no
0.214472786,1,4,1,0,yes
0.11493741,1,5,1,0,yes
0.062549651,2,3,1,24,yes
0.00346771,7,1,2,0,no
0.003109785,4,1,2,0,no
0.002644427,7,1,1,0,no
0.204004675,7,2,2,45,yes
0.115556657,3,2,1,0,yes
0.189114988,1,1,2,0,yes
0.008469439,7,1,2,0,no
0.007893005,3,1,1,0,no
0.006907536,3,1,1,0,no
0.066263624,1,13,1,0,yes
0.137039587,1,3,1,0,yes
0.01420521,1,5,1,0,yes
0.000536461,7,1,1,0,no
0.000389845,3,1,1,0,no
0.000389845,3,1,1,0,no
0.101855606,3,3,1,0,yes
0.132439643,3,1,1,0,yes
0.101855606,3,1,1,0,yes
0.009395132,1,1,2,0,no
0.006433953,2,1,2,0,no
0.003821375,7,1,1,0,no
0.220476046,1,8,1,0,yes
0.059580531,7,4,1,0,yes
0.022343874,1,4,1,0,yes
0.000432733,3,1,1,0,no
0.000408242,7,1,2,0,no
0.000355449,2,1,1,0,no
0.252185702,1,3,1,0,yes
0.122642212,3,2,1,0,yes
0.122642212,3,1,1,0,yes
0.007912958,7,1,2,0,no
0.007395111,3,1,1,0,no
0.007395111,6,1,1,0,no
0.460082918,3,20,1,0,yes
0.045871094,1,6,1,0,yes
0.028839052,1,6,2,0,yes
0.000385659,6,1,1,0,no
0.000385475,7,1,1,0,no
0.00027997,6,1,1,0,no
0.100280181,7,3,2,0,yes
0.181806102,1,1,2,0,yes
0.168861553,3,1,2,0,yes
0.003000516,3,1,1,0,no
0.002864947,7,1,2,0,no
0.002864947,7,1,2,0,no
0.29572612,3,8,1,0,yes
0.055826318,7,1,2,10,yes
0.014411618,1,3,1,0,yes
0.001353859,2,1,1,0,no
0.001352751,3,1,1,0,no
0.001243692,7,1,2,10,no
0.502903879,7,2,2,0,yes
0.192035317,7,1,1,0,yes
0.093075186,1,1,2,0,yes
0.014849535,7,1,2,0,no
0.013810572,3,1,1,0,no
0.012091444,3,1,1,0,no
0.018507607,2,8,1,0,yes
0.107497878,7,1,2,0,yes
0.070033632,2,1,2,0,yes
0.000820017,3,1,1,0,no
0.000812838,7,1,2,0,no
0.000644025,2,1,1,0,no
0.435340047,3,1,1,0,yes
0.183659777,1,1,1,0,yes
0.112245455,7,1,2,0,yes
0.019043703,7,1,2,0,no
0.011304095,1,1,1,0,no
0.011304095,2,1,1,0,no
0.196540013,3,4,1,0,yes
0.216514438,3,1,1,0,yes
0.061371095,2,3,1,6,yes
0.005342262,7,1,2,0,no
0.003516767,7,1,2,0,no
0.003324499,7,1,2,0,no
0.263543814,3,3,1,1,yes
0.041219398,3,2,1,0,yes
0.063364513,3,1,1,0,yes
0.002126249,7,1,1,0,no
0.001350237,1,1,1,0,no
0.00119432,3,1,1,0,no
0.196540013,3,4,1,0,yes
0.216514438,3,1,1,0,yes
0.061371095,2,3,1,15,yes
0.005342262,7,1,2,0,no
0.003516767,7,1,2,0,no
0.003324499,7,1,2,0,no
0.327091277,3,3,1,28,yes
0.176317275,7,2,2,36,yes
0.060147457,2,4,1,0,yes
0.004661944,7,1,2,0,no
0.004525356,1,1,1,0,no
0.001750384,7,1,1,0,no
0.309603065,7,3,2,24,yes
0.036882557,2,5,1,10,yes
0.027427694,7,3,1,0,yes
0.000830278,3,1,1,0,no
0.000830278,2,1,1,0,no
0.000830278,3,1,1,0,no
0.268465757,3,2,2,0,yes
0.107751556,2,4,1,13,yes
0.091681153,3,3,1,0,yes
0.002480482,7,1,2,0,no
0.002175753,2,1,1,0,no
0.002175753,2,1,1,0,no
0.168930367,2,3,1,30,yes
0.109770916,1,1,2,0,yes
0.051942188,7,2,1,0,yes
0.017449461,7,1,2,0,no
0.012113224,4,1,2,0,no
0.008785565,7,1,2,0,no
0.42102921,3,7,1,0,yes
0.013715649,1,5,1,0,yes
0.056957219,3,1,1,0,yes
0.00113994,7,1,2,0,no
0.001060456,3,1,1,0,no
0.001059688,3,1,1,0,no
0.299594969,3,2,1,0,yes
0.159799531,1,1,1,0,yes
0.113097027,7,1,2,0,yes
0.041510463,3,1,1,0,no
0.022774046,7,1,2,0,no
0.021556918,3,1,1,0,no
0.03793842,1,3,2,0,yes
0.040424313,1,1,1,0,yes
0.010045532,7,4,1,0,yes
0.000971577,7,1,2,0,no
0.000970199,7,1,2,0,no
0.000575216,3,1,1,0,no
0.091037363,2,6,1,0,yes
0.051207799,1,2,1,0,yes
0.012157161,7,5,1,12,yes
0.00089981,2,1,1,0,no
0.00089981,7,1,1,0,no
0.000897905,3,1,1,0,no
0.366613537,7,1,2,0,yes
0.211409912,3,1,1,0,yes
0.104983866,7,1,1,0,yes
0.024408301,2,1,1,0,no
0.015406586,7,1,2,0,no
0.015213493,7,1,2,0,no
0.364903629,3,2,1,0,yes
0.205617085,7,1,1,0,yes
0.199451745,7,1,2,0,yes
0.01286658,7,1,1,0,no
0.01286658,2,1,1,0,no
0.00811479,7,1,2,0,no
0.041833308,5,3,2,0,yes
0.025274528,2,3,1,0,yes
0.053466722,7,1,2,0,yes
0.001060777,4,1,2,0,no
0.001030024,3,1,1,0,no
0.000761379,7,1,1,0,no
0.522944212,3,3,1,1,yes
0.107938096,7,1,2,0,yes
0.107938096,7,1,2,0,yes
0.005718198,2,1,1,0,no
0.00423991,7,1,2,0,no
0.00423991,7,1,2,0,no
0.673119307,3,5,1,0,yes
0.073593892,1,1,1,0,yes
0.034628801,7,1,2,24,yes
0.006522239,1,1,1,0,no
0.006522239,2,1,1,0,no
0.004736044,3,1,1,0,no
0.081862055,2,5,1,0,yes
0.056731977,7,3,1,0,yes
0.055151489,7,2,2,0,yes
0.001351343,2,1,1,0,no
0.001351343,2,1,1,0,no
0.000757306,7,1,2,0,no
0.03956693,2,7,1,0,yes
0.020543853,2,5,1,0,yes
0.041538082,7,2,2,0,yes
0.000650055,7,1,1,0,no
0.000649187,1,1,1,0,no
0.000649187,1,1,1,0,no
0.252592862,3,1,1,0,yes
0.114485621,1,1,1,0,yes
0.07254529,2,1,2,22,yes
0.015212809,2,1,1,0,no
0.015212809,1,1,1,0,no
0.009680629,2,1,1,0,no
0.218878374,3,2,1,0,yes
0.03080689,6,1,2,0,yes
0.025994996,7,1,2,0,yes
0.003410394,3,1,1,0,no
0.002469942,1,1,1,0,no
0.002160972,3,1,1,0,no
0.226552382,3,7,2,13,yes
0.095054351,2,9,1,0,yes
0.076921493,3,3,1,0,yes
0.000771043,6,1,1,0,no
0.000771043,6,1,1,0,no
0.000564,6,1,2,0,no
0.116285414,7,2,1,0,yes
0.208550528,7,1,2,0,yes
0.168518931,4,1,2,0,yes
0.010257955,7,1,2,0,no
0.010168061,7,1,2,0,no
0.010168061,7,1,2,0,no
0.148305193,3,4,1,0,yes
0.063090898,1,4,1,0,yes
0.078754038,7,1,2,0,yes
0.002425106,7,1,2,0,no
0.002033129,1,1,2,0,no
0.001881907,5,1,2,42,no
0.031560838,7,4,1,0,yes
0.039174825,7,2,2,0,yes
0.021458901,1,2,1,0,yes
0.001687225,5,1,2,0,no
0.001536106,7,1,2,0,no
0.001324306,1,1,1,0,no
0.077542551,3,3,1,0,yes
0.026208919,2,3,1,0,yes
0.075630046,7,1,2,0,yes
0.001443211,7,1,2,0,no
0.000855138,7,1,1,0,no
0.000855138,3,1,1,0,no
0.574017167,7,8,2,52,yes
0.041872684,3,7,1,0,yes
0.02135499,7,8,1,0,yes
0.000302327,4,1,2,0,no
0.000271017,3,1,1,0,no
0.00014778,3,1,1,0,no
0.518280149,3,6,1,0,yes
0.03471256,7,2,1,0,yes
0.066192992,7,1,2,0,yes
0.007994692,7,1,2,0,no
0.007842502,7,1,1,0,no
0.005845193,7,1,2,0,no
0.472844541,1,7,1,0,yes
0.074471205,1,4,1,0,yes
0.03852345,4,1,2,32,yes
0.001402475,7,1,2,0,no
0.001306114,2,1,1,0,no
0.001043278,1,1,1,0,no
0.026666284,1,3,1,0,yes
0.014413076,3,5,1,0,yes
0.02134743,3,3,1,0,yes
0.001720569,1,1,1,0,no
0.001720569,1,1,1,0,no
0.001720569,2,1,1,0,no
0.491197258,1,3,1,15,yes
0.124964535,3,1,1,0,yes
0.101225741,1,1,2,0,yes
0.007491024,1,1,1,0,no
0.007491024,2,1,1,0,no
0.006104631,1,1,1,21,no
0.091585204,2,2,1,1,yes
0.158097923,7,1,2,0,yes
0.04572808,7,2,2,0,yes
0.005741753,2,1,1,0,no
0.004159471,3,1,1,0,no
0.003639462,2,1,1,0,no
0.531455755,3,2,1,0,yes
0.079753667,3,1,2,0,yes
0.078640766,1,1,2,0,yes
0.010596843,7,1,2,0,no
0.008465132,7,1,2,46,no
0.00727031,5,1,2,0,no
0.200563908,3,3,1,1,yes
0.17409654,2,1,1,0,yes
0.08363504,2,2,1,0,yes
0.069541149,6,1,1,0,no
0.018210335,2,1,2,0,no
0.013211457,7,1,2,24,no
0.050304946,2,6,1,0,yes
0.066132791,1,3,1,0,yes
0.037411068,7,2,2,0,yes
0.001018348,7,1,2,0,no
0.000979663,3,1,1,0,no
0.000820829,2,1,2,0,no
0.120753184,1,1,2,0,yes
0.059247509,4,1,2,0,yes
0.014387078,1,4,1,0,yes
0.001151894,2,1,1,0,no
0.001142444,7,1,2,0,no
0.000732739,4,1,1,0,no
0.090986989,3,9,1,1,yes
0.038266622,1,1,2,0,yes
0.030574551,7,1,2,0,yes
0.001114044,7,1,2,0,no
0.001036529,3,1,1,0,no
0.000660265,2,1,1,0,no
0.211696878,3,3,1,0,yes
0.36918509,1,1,2,0,yes
0.105495438,2,1,1,0,yes
0.01066626,7,1,2,0,no
0.009125419,2,1,1,0,no
0.009125419,2,1,1,0,no
0.425489962,3,4,1,0,yes
0.231161565,3,6,1,0,yes
0.174636617,3,1,1,0,yes
0.002122353,1,1,1,0,no
0.002122353,2,1,1,0,no
0.001615827,5,1,2,0,no
0.443296403,1,9,1,0,yes
0.043249048,3,3,1,0,yes
0.050018068,7,2,2,41,yes
0.000952179,7,1,2,0,no
0.000802293,3,1,1,0,no
0.000802293,3,1,1,0,no
0.756992996,1,11,1,0,yes
0.033203788,2,11,1,1,yes
0.023328414,2,4,1,0,yes
0.000359755,7,1,2,0,no
0.000165355,3,1,1,0,no
0.0001652,3,1,1,0,no
0.081337161,3,3,1,0,yes
0.031203534,2,3,1,0,yes
0.083330214,7,1,2,0,yes
0.001659201,7,1,2,0,no
0.001599198,3,1,2,0,no
0.001487927,7,1,1,0,no
0.315879256,3,3,2,0,yes
0.097666807,3,1,1,0,yes
0.089817137,7,1,2,33,yes
0.00571736,3,1,1,0,no
0.005707698,1,1,1,0,no
0.005707698,2,1,1,0,no
0.116021737,7,1,1,0,yes
0.048964269,7,1,2,0,yes
0.041312899,1,1,2,0,yes
0.001195892,1,1,1,0,no
0.001159826,3,1,1,0,no
0.000870342,3,1,1,0,no
0.487756401,7,10,1,0,yes
0.099855185,3,10,1,1,yes
0.037958354,1,4,1,0,yes
0.000481664,3,1,2,0,no
0.000481664,1,1,2,0,no
0.000285058,1,1,1,0,no
0.27778089,3,4,2,0,yes
0.154773653,3,4,1,0,yes
0.09488748,3,2,2,0,yes
0.00417639,7,1,2,0,no
0.003875133,1,1,1,0,no
0.003875133,2,1,1,0,no
0.444057047,3,4,1,0,yes
0.054266222,3,3,1,0,yes
0.052428998,3,3,1,23,yes
0.002833697,7,1,2,0,no
0.002434053,7,1,2,0,no
0.001622559,3,1,2,0,no
0.175707385,7,1,2,0,yes
0.046473026,3,3,1,0,yes
0.109399721,7,1,2,13,yes
0.002900637,7,1,2,0,no
0.00196295,7,1,1,0,no
0.001717374,7,1,1,0,no
0.198197618,3,3,1,31,yes
0.086582601,3,3,1,0,yes
0.039506178,2,4,1,0,yes
0.00307626,7,1,2,0,no
0.002562203,1,1,2,0,no
0.001656517,3,1,1,0,no
0.218201578,3,4,1,0,yes
0.234433383,1,3,1,0,yes
0.13143985,1,1,2,5,yes
0.004361849,7,1,2,0,no
0.00381691,1,1,2,0,no
0.003057137,7,1,1,0,no
0.192489043,1,5,1,0,yes
0.083966605,2,8,1,0,yes
0.193823159,1,1,2,0,yes
0.001154357,7,1,2,0,no
0.001092389,3,1,1,0,no
0.000833443,7,1,2,0,no
0.090140603,1,11,1,0,yes
0.029838968,1,13,1,0,yes
0.091431245,1,4,1,0,yes
0.000443487,5,1,1,0,no
0.000387628,2,1,1,0,no
0.000387628,3,1,1,0,no
0.10497538,7,2,2,0,yes
0.041207258,2,4,1,0,yes
0.066717707,1,1,2,0,yes
0.001285701,5,1,2,0,no
0.001060712,7,1,2,0,no
0.001060712,4,1,2,0,no
0.388716102,1,4,1,43,yes
0.03701286,3,2,2,0,yes
0.059228502,1,1,2,0,yes
0.001018848,2,1,1,0,no
0.001017617,2,1,1,0,no
0.001017617,2,1,1,0,no
0.104780339,1,11,1,39,yes
0.059967011,2,7,1,24,yes
0.006977398,1,5,1,0,yes
0.000544456,7,1,2,0,no
0.000391435,3,1,1,0,no
0.000390962,1,1,1,0,no
0.270848215,1,2,2,1,yes
0.053357352,3,4,1,38,yes
0.13312237,4,1,2,26,yes
0.01179418,7,1,2,0,no
0.009343281,7,1,2,0,no
0.005187358,4,1,2,0,no
0.161006466,2,3,1,0,yes
0.034422945,2,2,1,8,yes
0.0637336,7,1,2,0,yes
0.001896671,5,1,2,53,no
0.001849175,6,1,2,0,no
0.001211408,7,1,1,0,no
0.714260638,1,9,1,0,yes
0.028516704,2,9,1,31,yes
0.030205058,1,6,1,0,yes
0.00039621,7,1,2,0,no
0.000268801,1,1,1,0,no
0.000235153,3,1,1,0,no
0.338521898,3,11,1,0,yes
0.074822091,3,2,2,0,yes
0.032495406,7,2,2,0,yes
0.001233398,6,1,2,0,no
0.001233398,7,1,2,0,no
0.000762569,1,1,2,0,no
0.265663475,3,4,1,6,yes
0.309584379,3,2,1,0,yes
0.03080303,2,4,1,0,yes
0.00302107,6,1,1,0,no
0.00302107,6,1,1,0,no
0.001774309,7,1,1,0,no
0.178506464,7,4,1,40,yes
0.275962621,3,2,1,0,yes
0.069124065,6,1,2,0,yes
0.004393203,4,1,1,0,no
0.004383065,1,1,1,0,no
0.004383065,2,1,1,0,no
0.455164164,1,4,1,0,yes
0.135667667,3,3,1,0,yes
0.055424437,3,2,1,0,yes
0.001765683,1,1,1,0,no
0.001656032,7,1,2,0,no
0.001120561,3,1,1,0,no
0.065196477,7,3,1,0,yes
0.070732772,7,1,2,7,yes
0.063284583,7,1,2,0,yes
0.001300785,7,1,2,0,no
0.001093258,7,1,1,0,no
0.00095642,2,1,1,0,no
0.178924114,7,2,2,37,yes
0.06461864,2,3,1,32,yes
0.042495787,2,2,1,1,yes
0.002699075,2,1,1,0,no
0.002534411,7,1,2,0,no
0.001715173,2,1,1,0,no
0.352819741,7,1,2,22,yes
0.215501577,7,1,2,7,yes
0.109188184,7,1,2,0,yes
0.027697332,7,1,2,0,no
0.020785905,4,1,2,0,no
0.020785905,7,1,2,0,no
0.689480782,3,2,1,0,yes
0.125067353,3,1,1,0,yes
0.045599077,1,1,2,0,yes
0.013859245,7,1,2,0,no
0.012888761,1,1,1,0,no
0.012888761,2,1,1,0,no
0.298011422,7,1,2,0,yes
0.168903008,7,1,2,22,yes
0.103532873,2,1,1,0,yes
0.010553058,7,1,2,0,no
0.007892493,7,1,2,0,no
0.006696322,7,1,2,0,no
0.224064738,7,1,2,0,yes
0.181806564,7,1,2,17,yes
0.111090921,2,1,1,0,yes
0.009609431,7,1,1,0,no
0.008949678,7,1,2,0,no
0.008142134,7,1,2,0,no
0.230816469,3,2,1,0,yes
0.136405274,3,1,1,0,yes
0.095232934,7,1,2,0,yes
0.003575537,7,1,2,0,no
0.003324052,2,1,1,0,no
0.003324052,1,1,1,0,no
0.047805909,7,2,2,6,yes
0.053256985,2,1,1,1,yes
0.039547194,7,1,2,0,yes
0.00480332,7,1,2,0,no
0.003816191,7,1,2,0,no
0.003339312,7,1,2,0,no
0.281733871,3,1,2,0,yes
0.078566052,2,1,1,0,yes
0.076643653,7,1,2,0,yes
0.009881833,7,1,2,0,no
0.007775425,7,1,2,41,no
0.006471208,7,1,2,0,no
0.275488138,3,6,1,0,yes
0.092008062,3,3,1,0,yes
0.097043954,7,2,2,39,yes
0.00354365,7,1,2,0,no
0.00354365,3,1,2,0,no
0.003294336,3,1,1,0,no
0.645084083,1,7,1,0,yes
0.042191397,1,4,1,0,yes
0.062115166,5,2,2,0,yes
0.000988967,1,1,2,0,no
0.00077407,7,1,1,0,no
0.000512119,2,1,1,0,no
0.155377984,3,4,1,46,yes
0.046006925,1,2,2,0,yes
0.053260271,7,1,2,0,yes
0.002511342,1,1,2,0,no
0.002510745,2,1,1,0,no
0.001180654,2,1,1,0,no
0.419169039,5,2,1,0,yes
0.123803511,2,1,1,0,yes
0.069834873,7,1,2,0,yes
0.017308444,7,1,2,0,no
0.011056812,7,1,2,0,no
0.009478576,3,1,2,0,no
0.32591334,1,2,1,0,yes
0.088711932,3,2,1,0,yes
0.062357001,6,1,2,0,yes
0.010341585,2,1,1,0,no
0.009913474,6,1,2,50,no
0.008266381,6,1,1,29,no
0.696222126,3,4,1,0,yes
0.104886062,7,1,2,23,yes
0.023687789,3,2,1,0,yes
0.005280415,7,1,2,0,no
0.005280415,7,1,2,0,no
0.003358121,7,1,2,0,no
0.245143041,3,3,1,0,yes
0.273630917,3,2,1,0,yes
0.137177259,1,2,1,0,yes
0.004267308,1,1,1,0,no
0.004267308,2,1,1,0,no
0.004040364,7,1,2,0,no
0.611301243,1,10,1,0,yes
0.013112116,1,6,1,0,yes
0.010403455,3,7,1,0,yes
0.000233621,1,1,1,0,no
0.000213775,3,1,1,0,no
0.0001449,1,1,2,0,no
0.60423851,3,2,1,0,yes
0.087843321,1,1,1,0,yes
0.0597496,3,1,2,0,yes
0.03273166,7,1,2,22,no
0.026597826,7,1,2,0,no
0.012649165,7,1,2,0,no
0.252265513,7,1,2,0,yes
0.096114606,3,1,1,0,yes
0.075858943,3,1,2,0,yes
0.008162014,4,1,2,0,no
0.007584031,7,1,2,0,no
0.006898738,7,1,2,0,no
0.517114162,3,4,2,0,yes
0.114340141,7,1,2,0,yes
0.0698663,3,1,1,0,yes
0.010273748,4,1,2,0,no
0.006096645,2,1,1,0,no
0.004520944,7,1,2,0,no
0.469993591,3,5,1,0,yes
0.04641268,3,2,1,0,yes
0.060311344,3,1,2,0,yes
0.001969967,7,1,2,0,no
0.001822141,3,1,2,0,no
0.001166238,2,1,1,0,no
0.291434348,3,2,1,0,yes
0.401138246,3,1,1,0,yes
0.127769589,7,2,2,0,yes
0.008257659,7,1,2,0,no
0.004896332,1,1,1,0,no
0.004896332,2,1,1,0,no
0.292883545,7,3,2,0,yes
0.297937036,3,2,1,31,yes
0.143168703,1,2,1,0,yes
0.008853157,3,1,2,0,no
0.008206888,3,1,2,0,no
0.004180216,5,1,1,0,no
0.018188745,2,8,1,0,yes
0.03764531,7,3,1,0,yes
0.065485731,4,1,2,0,yes
0.000985787,2,1,1,0,no
0.000985787,3,1,1,0,no
0.000985787,7,1,1,0,no
0.070156738,3,6,1,0,yes
0.06270384,1,5,1,0,yes
0.023896307,5,2,1,0,yes
0.000825686,7,1,2,0,no
0.000825686,7,1,2,0,no
0.00055914,1,1,1,0,no
0.07902275,1,3,1,0,yes
0.053900246,1,1,2,0,yes
0.015784843,2,3,1,0,yes
0.001253275,2,1,1,0,no
0.001252312,2,1,1,0,no
0.000796755,2,1,1,0,no
0.244588688,3,1,1,0,yes
0.12048398,3,1,1,0,yes
0.097423933,7,1,2,25,yes
0.007661483,7,1,2,0,no
0.004538095,7,1,1,0,no
0.004538095,3,1,1,0,no
0.413654476,3,1,2,0,yes
0.147660553,3,2,1,0,yes
0.285092175,7,1,2,8,yes
0.027527548,7,1,2,8,no
0.01676454,4,1,2,0,no
0.01070673,7,1,2,0,no
0.042859539,7,1,2,0,yes
0.040274829,1,1,2,0,yes
0.024391506,7,1,2,33,yes
0.001589265,7,1,2,0,no
0.00137439,1,1,1,0,no
0.000942118,3,1,1,0,no
0.251108319,1,2,1,0,yes
0.140558958,3,1,1,0,yes
0.070355438,1,1,1,1,yes
0.014074884,7,1,2,0,no
0.014074884,7,1,2,0,no
0.014074884,7,1,2,0,no
0.509557128,3,1,2,0,yes
0.142665714,3,1,1,0,yes
0.074192837,3,1,2,0,yes
0.008988402,7,1,2,0,no
0.00859123,1,1,1,0,no
0.00859123,2,1,1,0,no
0.509557128,3,1,2,0,yes
0.142665714,3,1,1,0,yes
0.074192837,3,1,2,0,yes
0.008988402,7,1,2,0,no
0.00859123,1,1,1,0,no
0.00859123,2,1,1,0,no
0.160235941,3,4,1,0,yes
0.074800909,7,2,2,0,yes
0.114090003,7,1,2,0,yes
0.013578741,7,1,2,22,no
0.01215717,7,1,2,14,no
0.011297205,7,1,2,0,no
0.464737862,3,2,1,0,yes
0.072482705,3,2,1,0,yes
0.099394225,7,1,1,0,yes
0.004138694,2,1,1,0,no
0.003985564,3,1,1,0,no
0.002633305,7,1,1,0,no
0.106419422,7,1,2,0,yes
0.087892838,7,1,2,0,yes
0.065600239,7,1,2,20,yes
0.002427585,5,1,2,0,no
0.002427585,7,1,2,0,no
0.00242348,7,1,2,0,no
0.294074237,3,5,1,1,yes
0.213036269,3,1,2,0,yes
0.047220439,7,3,1,11,yes
0.002400163,3,1,1,0,no
0.001210312,3,1,1,0,no
0.001210312,3,1,1,0,no
0.23628138,3,1,1,0,yes
0.186186373,3,1,2,0,yes
0.107447416,1,1,1,0,yes
0.015705379,7,1,2,0,no
0.014271336,2,1,1,0,no
0.014271336,1,1,1,0,no
0.07350754,3,4,1,0,yes
0.175679073,3,1,1,0,yes
0.056839187,1,3,1,1,yes
0.008919592,5,1,2,0,no
0.00831175,1,1,1,0,no
0.00831175,2,1,1,0,no
0.504327118,7,2,1,0,yes
0.165694565,7,2,2,36,yes
0.078322664,1,1,1,0,yes
0.009774708,7,1,2,0,no
0.009109368,1,1,1,0,no
0.009109368,2,1,1,0,no
0.258128911,5,7,2,0,yes
0.130995005,7,3,2,0,yes
0.052910592,2,4,1,0,yes
0.00059646,5,1,1,0,no
0.000474567,3,1,1,0,no
0.000473562,3,1,1,0,no
0.086095378,2,10,1,26,yes
0.03579535,1,4,1,0,yes
0.064937644,4,2,2,0,yes
0.001732935,2,1,1,0,no
0.001474425,2,1,2,0,no
0.001369018,7,1,1,0,no
0.295717239,3,2,1,0,yes
0.136155263,1,1,1,0,yes
0.04722099,3,2,1,0,yes
0.035368491,7,1,1,0,no
0.030934934,7,1,2,36,no
0.020153198,7,1,2,0,no
0.0316162,3,4,1,0,yes
0.02914157,1,4,1,0,yes
0.037047986,7,2,2,0,yes
0.001366837,3,1,1,0,no
0.001321869,3,1,1,0,no
0.001225182,7,1,1,0,no
0.553741395,3,2,2,0,yes
0.100263566,1,2,1,0,yes
0.101954557,1,1,1,0,yes
0.011251077,7,1,2,0,no
0.010477332,1,1,1,0,no
0.010477332,2,1,1,0,no
0.640421867,3,2,1,0,yes
0.079299577,7,1,2,0,yes
0.042464435,2,1,1,0,yes
0.002890256,1,1,1,0,no
0.002529172,1,1,1,0,no
0.001603033,3,1,1,0,no
0.509406865,3,2,1,0,yes
0.224304974,1,2,1,0,yes
0.115057379,6,1,1,0,yes
0.006439291,1,1,1,0,no
0.006439291,2,1,1,0,no
0.005235128,7,1,2,0,no
0.059168756,1,6,1,0,yes
0.061473139,1,4,1,0,yes
0.028351523,3,2,2,0,yes
0.000444945,1,1,2,0,no
0.0003917,7,1,2,0,no
0.000273212,3,1,1,0,no
0.327313274,3,3,1,0,yes
0.182254329,3,2,1,0,yes
0.101043232,1,1,1,0,yes
0.03289099,7,1,2,0,no
0.022832565,5,1,2,0,no
0.022832565,7,1,2,0,no
0.203285754,3,1,2,0,yes
0.095390297,3,1,1,0,yes
0.039679322,1,2,2,0,yes
0.006018137,2,1,2,0,no
0.006001153,7,1,2,0,no
0.005595008,3,1,1,0,no
0.153230414,1,3,1,0,yes
0.029948482,2,2,1,0,yes
0.025716247,5,2,2,0,yes
0.000882995,7,1,2,0,no
0.000882995,7,1,2,0,no
0.00085821,7,1,1,0,no
0.383207887,7,1,1,0,yes
0.165838346,3,2,1,0,yes
0.206549451,7,1,1,0,yes
0.016056493,3,1,1,0,no
0.013998812,4,1,2,0,no
0.005264332,7,1,1,0,no
0.195059612,3,5,1,11,yes
0.190407291,7,1,1,0,yes
0.080831535,1,1,2,0,yes
0.002795398,1,1,1,0,no
0.002795398,1,1,1,0,no
0.002795398,2,1,1,0,no
0.230319366,3,2,1,0,yes
0.393404782,7,1,2,12,yes
0.098454535,1,2,1,0,yes
0.037985854,7,1,2,12,no
0.029150795,3,1,2,0,no
0.023133747,4,1,2,0,no
0.194748193,3,2,1,0,yes
0.209084272,7,1,2,0,yes
0.070200957,1,1,1,0,yes
0.011331152,7,1,2,17,no
0.009218693,2,1,1,0,no
0.009218693,1,1,1,0,no
0.08458443,1,5,1,0,yes
0.020275708,2,12,1,13,yes
0.011561247,1,7,1,0,yes
0.000599511,1,1,1,0,no
0.00059834,1,1,1,0,no
0.00038058,7,1,1,0,no
0.241373017,7,2,2,0,yes
0.209900051,7,1,2,7,yes
0.187669635,7,1,2,0,yes
0.01205162,4,1,2,0,no
0.01205162,7,1,2,0,no
0.007652399,7,1,2,0,no
0.226043999,3,1,1,0,yes
0.103129923,3,1,2,0,yes
0.102173522,1,1,1,0,yes
0.013550253,1,1,1,0,no
0.013550253,2,1,1,0,no
0.008621727,7,1,1,0,no
0.158281416,7,2,1,0,yes
0.22339654,7,1,2,0,yes
0.181801364,4,1,2,0,yes
0.009092177,7,1,2,0,no
0.008272261,7,1,2,0,no
0.004290494,3,1,1,0,no
0.111899681,1,3,1,0,yes
0.068860039,2,2,1,0,yes
0.077273563,4,1,2,0,yes
0.0028691,7,1,2,0,no
0.00268095,1,1,1,0,no
0.00268095,1,1,1,0,no
0.170087174,3,4,1,0,yes
0.130827367,3,1,2,0,yes
0.047156788,3,2,1,0,yes
0.003691425,7,1,2,0,no
0.003438425,7,1,1,0,no
0.002185417,2,1,1,0,no
0.252710015,3,1,1,0,yes
0.148283377,7,1,1,0,yes
0.090091728,7,1,2,0,yes
0.003172583,3,1,1,0,no
0.00316722,1,1,1,0,no
0.00316722,2,1,1,0,no
0.048277445,3,2,1,0,yes
0.020869261,2,3,1,0,yes
0.060458902,7,1,2,0,yes
0.001242526,2,1,1,0,no
0.000792522,2,1,1,0,no
0.000790844,7,1,1,0,no
0.219902396,1,2,1,0,yes
0.307938248,3,1,1,0,yes
0.103037961,1,2,1,0,yes
0.059865598,3,1,2,0,no
0.029869987,3,1,2,0,no
0.020567939,7,1,2,0,no
0.166649282,3,2,1,0,yes
0.307360083,3,1,2,0,yes
0.062840261,1,1,1,0,yes
0.012306037,7,1,2,30,no
0.007275293,2,1,1,0,no
0.007275293,2,1,1,0,no
0.462320238,1,6,1,0,yes
0.214278162,3,5,1,0,yes
0.084578969,7,1,1,0,yes
0.000987778,2,1,1,0,no
0.000865641,7,1,1,0,no
0.000864176,1,1,1,0,no
0.264035761,3,1,1,0,yes
0.146076977,7,1,2,0,yes
0.105903164,1,1,1,0,yes
0.015148199,7,1,2,0,no
0.014105971,1,1,1,0,no
0.014105971,2,1,1,0,no
0.095696971,3,5,1,0,yes
0.111580454,1,3,1,0,yes
0.144173101,3,2,1,0,yes
0.001881272,1,1,2,0,no
0.001859745,7,1,1,0,no
0.00177733,3,1,1,0,no
0.414295346,3,2,1,0,yes
0.178963259,1,2,2,0,yes
0.080736853,7,1,2,59,yes
0.004966518,7,1,2,0,no
0.004611289,1,1,1,0,no
0.004611289,2,1,1,0,no
0.187708467,1,6,1,26,yes
0.055032663,1,3,1,0,yes
0.011081943,2,9,1,0,yes
0.001092873,7,1,2,0,no
0.001092873,4,1,2,0,no
0.000876334,3,1,1,0,no
0.131141618,3,3,1,0,yes
0.021443654,1,3,1,0,yes
0.051938806,2,1,2,0,yes
0.008411894,7,1,2,0,no
0.007821081,2,1,1,0,no
0.007821081,1,1,1,0,no
0.15384388,7,2,2,0,yes
0.045405481,1,3,2,0,yes
0.02894699,2,4,1,1,yes
0.000875594,7,1,1,0,no
0.000838061,2,1,1,0,no
0.000838061,2,1,1,0,no
0.107924826,3,4,2,0,yes
0.058836631,3,5,1,0,yes
0.031768635,3,3,1,0,yes
0.000597662,6,1,2,0,no
0.000570705,7,1,1,0,no
0.000449797,7,1,1,0,no
0.546224892,3,1,1,0,yes
0.047851563,4,2,1,0,yes
0.030462895,3,3,1,0,yes
0.005009569,7,1,2,0,no
0.005009569,3,1,2,0,no
0.004619469,3,1,2,0,no
0.434240967,1,5,1,0,yes
0.117034674,3,2,1,0,yes
0.094247825,3,1,1,0,yes
0.004928155,1,1,1,0,no
0.004928155,2,1,1,0,no
0.004912958,3,1,2,0,no
0.035234086,2,4,1,0,yes
0.068389006,1,2,1,0,yes
0.01699407,2,5,1,0,yes
0.00102849,4,1,2,0,no
0.001027745,7,1,2,0,no
0.000601473,1,1,1,0,no
0.360708684,3,1,1,0,yes
0.096628807,3,3,1,0,yes
0.025510006,2,1,2,0,yes
0.008395046,2,1,2,0,no
0.005789015,2,1,1,0,no
0.005789015,1,1,1,0,no
0.315865248,1,3,1,0,yes
0.276653767,3,1,1,0,yes
0.10523615,3,2,1,0,yes
0.005502727,1,1,1,0,no
0.005502727,2,1,1,0,no
0.004007047,3,1,1,0,no
0.595077574,3,17,1,1,yes
0.007814561,2,4,1,0,yes
0.014301098,1,1,2,0,yes
0.000256259,1,1,1,0,no
0.000242095,6,1,1,0,no
0.000242095,7,1,1,0,no
0.095696971,3,5,1,0,yes
0.111580454,1,3,1,0,yes
0.144173101,3,2,1,0,yes
0.001881272,1,1,2,0,no
0.001859745,7,1,1,0,no
0.00177733,3,1,1,0,no
0.168601662,1,5,1,0,yes
0.228789091,3,2,2,0,yes
0.034424696,2,8,1,39,yes
0.000580685,2,1,1,0,no
0.000580685,3,1,1,1,no
0.000580685,2,1,1,0,no
0.115824036,3,2,1,0,yes
0.065688148,2,2,2,0,yes
0.020473704,2,3,1,1,yes
0.000669155,2,1,1,0,no
0.000669155,3,1,1,0,no
0.000488731,1,1,2,0,no
0.008432069,3,22,1,0,yes
0.023778001,1,4,1,0,yes
0.010589223,3,5,1,0,yes
0.000320509,2,1,1,0,no
0.000240418,3,1,1,0,no
0.000213747,1,1,2,0,no
0.58929652,3,16,1,12,yes
0.007832671,2,4,1,0,yes
0.014333619,1,1,2,0,yes
0.000256866,1,1,1,0,no
0.000242669,6,1,1,0,no
0.000242669,6,1,1,0,no
0.11620383,7,1,2,0,yes
0.055425365,2,2,1,1,yes
0.108454607,7,1,2,6,yes
0.004472241,7,1,2,0,no
0.001954913,3,1,1,0,no
0.001938337,7,1,2,0,no
0.059421279,2,7,1,0,yes
0.028882669,7,1,2,10,yes
0.026297219,7,1,2,0,yes
0.00077193,2,1,1,0,no
0.000617146,2,1,1,0,no
0.000491448,2,1,1,0,no
0.109769829,3,2,2,1,yes
0.034473017,3,2,2,0,yes
0.014004356,2,4,1,0,yes
0.000444691,3,1,1,0,no
0.000444691,2,1,1,0,no
0.000260997,3,1,1,0,no
0.205886737,1,9,1,0,yes
0.087176561,1,5,1,0,yes
0.056408975,1,4,1,0,yes
0.000627517,7,1,1,0,no
0.000614114,3,1,2,0,no
0.000399506,3,1,1,0,no
0.217475981,3,1,2,0,yes
0.217475981,7,1,2,0,yes
0.133087024,1,1,1,0,yes
0.00799576,1,1,1,0,no
0.00799576,2,1,1,0,no
0.006500342,7,1,2,0,no
0.184072688,3,5,1,1,yes
0.16726163,7,4,1,0,yes
0.127335921,7,2,2,12,yes
0.001786611,7,1,2,0,no
0.001215235,1,1,2,0,no
0.001057783,7,1,1,0,no
0.134747133,3,1,2,0,yes
0.062135719,2,2,2,0,yes
0.084429473,3,1,1,0,yes
0.004025376,7,1,2,0,no
0.003414862,3,1,2,0,no
0.001399113,2,1,1,0,no
0.432133168,3,1,1,0,yes
0.270210296,3,1,1,0,yes
0.127434224,6,2,1,0,yes
0.042125504,1,1,2,0,no
0.033494968,2,1,1,0,no
0.033449978,7,1,2,35,no
0.016785776,7,4,1,19,yes
0.021179607,2,3,1,0,yes
0.053083908,7,1,2,0,yes
0.001323918,2,1,1,0,no
0.001176242,7,1,2,0,no
0.000842883,3,1,1,0,no
0.195533738,1,6,1,0,yes
0.0926916,1,4,1,0,yes
0.118119478,3,3,2,0,yes
0.000861107,7,1,2,0,no
0.000655933,7,1,2,0,no
0.000582572,1,1,1,0,no
0.149664968,7,4,2,37,yes
0.16755794,3,3,1,1,yes
0.164154708,3,1,2,0,yes
0.002908678,1,1,2,0,no
0.002544979,7,1,2,0,no
0.002544979,7,1,2,0,no
0.195533738,1,6,1,0,yes
0.0926916,1,4,1,0,yes
0.118119478,3,3,2,0,yes
0.000861107,7,1,2,0,no
0.000655933,7,1,2,0,no
0.000582572,1,1,1,0,no
0.524855614,3,4,1,0,yes
0.113714114,7,2,2,0,yes
0.079332188,3,1,2,0,yes
0.01005469,2,1,2,0,no
0.009348705,1,1,1,0,no
0.009348705,2,1,1,0,no
0.016999092,2,5,1,0,yes
0.058323957,7,1,2,0,yes
0.054264553,7,1,2,0,yes
0.001467679,7,1,1,0,no
0.001063346,7,1,2,0,no
0.000681362,1,1,2,0,no
0.356228411,7,2,2,0,yes
0.166808248,3,1,1,0,yes
0.075398535,1,1,1,0,yes
0.01073869,7,1,2,0,no
0.00997116,1,1,1,0,no
0.00997116,2,1,1,0,no
0.152442798,3,6,1,0,yes
0.020189129,2,13,1,0,yes
0.085999645,7,3,2,0,yes
0.000983161,1,1,2,0,no
0.000965537,7,1,1,0,no
0.000766292,7,1,2,0,no
0.02587828,1,4,1,0,yes
0.048908167,2,2,1,1,yes
0.09277302,1,1,2,0,yes
0.002070061,5,1,2,0,no
0.001803309,2,1,1,0,no
0.001799145,4,1,1,0,no
0.063559301,2,4,1,1,yes
0.092656091,7,2,1,0,yes
0.06996873,7,1,2,0,yes
0.002262359,7,1,2,0,no
0.002262359,7,1,2,0,no
0.002108014,3,1,1,0,no
0.161328644,2,6,1,33,yes
0.141845956,1,3,1,0,yes
0.033600088,1,3,1,0,yes
0.000589145,2,1,1,0,no
0.000588718,2,1,1,0,no
0.000588718,3,1,1,0,no
0.161743239,3,2,2,0,yes
0.147175595,7,1,2,0,yes
0.118366949,3,1,2,0,yes
0.004476357,5,1,2,0,no
0.004476357,7,1,2,0,no
0.003321363,1,1,1,0,no
0.215648443,2,3,1,0,yes
0.188894451,2,2,1,0,yes
0.075818531,2,3,1,1,yes
0.003489256,7,1,2,0,no
0.003244016,1,1,1,0,no
0.003234007,5,1,2,0,no
0.039955888,2,6,1,1,yes
0.036837757,3,2,2,0,yes
0.013791318,1,3,1,0,yes
0.000362317,3,1,1,0,no
0.000362092,2,1,1,0,no
0.000362092,3,1,1,0,no
0.411045074,3,4,2,0,yes
0.112388998,3,1,2,10,yes
0.040277977,3,2,1,0,yes
0.007850394,2,1,1,0,no
0.005852072,7,1,2,41,no
0.002930152,3,1,1,0,no
0.25415653,3,13,1,0,yes
0.145749867,7,3,2,0,yes
0.057327401,1,3,2,0,yes
0.000978024,7,1,2,0,no
0.000911271,1,1,1,0,no
0.000911271,3,1,1,0,no
0.28136906,2,20,1,42,yes
0.079430878,2,17,1,16,yes
0.068821229,2,6,1,1,yes
0.000426662,2,1,1,0,no
0.000271054,2,1,1,0,no
0.000270901,1,1,1,0,no
0.299251139,3,6,1,0,yes
0.1024995,3,6,1,0,yes
0.03070247,2,6,1,31,yes
0.000822646,7,1,2,0,no
0.000766494,3,1,1,0,no
0.000765747,1,1,1,0,no
0.483195186,3,6,1,0,yes
0.072384909,3,4,1,0,yes
0.060901754,6,2,1,0,yes
0.002271648,7,1,2,0,no
0.002113109,4,1,1,0,no
0.002113109,3,1,1,0,no
0.582118332,7,6,2,32,yes
0.042392187,3,3,1,1,yes
0.049658734,3,2,1,0,yes
0.004476028,2,1,2,0,no
0.004476028,7,1,2,0,no
0.003430352,7,1,2,0,no
0.100010298,3,2,1,0,yes
0.061398439,1,2,1,0,yes
0.035094235,2,2,1,0,yes
0.001331189,3,1,1,0,no
0.001330024,2,1,1,0,no
0.001330024,2,1,1,0,no
0.058531173,4,4,1,0,yes
0.154789597,7,1,2,0,yes
0.050256912,2,2,1,0,yes
0.001356414,2,1,1,0,no
0.001356414,2,1,1,0,no
0.001356414,2,1,1,0,no
0.189938232,7,10,1,0,yes
0.056622028,2,5,1,0,yes
0.059304196,3,4,1,0,yes
0.000805594,1,1,2,0,no
0.000805594,7,1,2,0,no
0.000756749,4,1,2,0,no
0.425706863,1,4,1,0,yes
0.212542593,7,1,2,0,yes
0.133164614,2,1,1,1,yes
0.02702109,7,1,2,0,no
0.025265692,7,1,2,19,no
0.0161785,7,1,2,19,no
0.129531145,3,3,1,0,yes
0.201716825,7,1,2,0,yes
0.122410245,7,1,1,0,yes
0.007243726,2,1,1,0,no
0.007243726,2,1,1,0,no
0.005262111,7,1,1,0,no
0.102190278,2,3,1,40,yes
0.07001669,2,3,1,1,yes
0.091356523,7,2,2,0,yes
0.00733076,7,1,2,0,no
0.006359784,7,1,2,10,no
0.002771202,7,1,1,0,no
0.094022669,2,4,1,1,yes
0.074766017,3,2,1,0,yes
0.068417378,2,2,2,0,yes
0.000805864,3,1,1,0,no
0.00070638,3,1,1,0,no
0.00070638,2,1,1,0,no
0.038561173,2,2,1,0,yes
0.069045283,7,1,2,0,yes
0.044149097,4,1,2,37,yes
0.001614759,7,1,2,0,no
0.001614759,4,1,2,0,no
0.000955761,2,1,1,0,no
0.028562348,1,11,1,0,yes
0.058166813,7,3,2,0,yes
0.009786438,2,6,1,0,yes
0.001017786,7,1,2,0,no
0.000945858,1,1,1,0,no
0.000945858,1,1,1,0,no
0.031276442,2,3,1,0,yes
0.076364838,7,1,2,0,yes
0.015725344,1,3,1,0,yes
0.001867814,7,1,2,0,no
0.001703623,7,1,2,0,no
0.001006875,2,1,1,0,no
0.052189574,4,3,1,0,yes
0.049240384,3,3,1,0,yes
0.087179281,4,1,2,0,yes
0.003021965,2,1,1,0,no
0.003021965,2,1,1,0,no
0.001924382,2,1,1,0,no
0.045397785,3,9,1,0,yes
0.01650933,2,3,1,0,yes
0.044242363,3,1,2,0,yes
0.002055779,7,1,2,4,no
0.001913924,2,1,1,0,no
0.001595229,7,1,2,0,no
0.179357171,1,6,1,0,yes
0.024970112,2,3,1,36,yes
0.022692734,2,2,1,8,yes
0.000836722,6,1,2,0,no
0.000742123,4,1,2,0,no
0.00067441,7,1,2,0,no
0.474125266,3,5,1,24,yes
0.21250315,3,4,1,0,yes
0.028411131,2,2,1,0,yes
0.003503632,7,1,2,0,no
0.003503632,7,1,2,0,no
0.002057462,3,1,2,0,no
0.100010298,3,2,1,0,yes
0.061398439,1,2,1,0,yes
0.035094235,2,2,1,0,yes
0.001331189,3,1,1,0,no
0.001330024,2,1,1,0,no
0.001330024,2,1,1,0,no
0.291283399,1,14,1,0,yes
0.110122867,2,16,1,1,yes
0.014699552,1,3,1,0,yes
0.000390633,7,1,2,0,no
0.00036347,2,1,1,0,no
0.000336089,2,1,1,0,no
0.131943598,2,8,1,39,yes
0.026560806,2,16,1,1,yes
0.051618684,1,7,1,0,yes
0.000530293,7,1,2,0,no
0.000498007,5,1,2,0,no
0.000496072,7,1,1,0,no
0.660768628,3,5,1,0,yes
0.052510366,7,4,1,0,yes
0.049339812,3,3,1,0,yes
0.008173538,7,1,2,0,no
0.004536434,7,1,2,0,no
0.004204572,7,1,2,0,no
0.192165509,7,2,2,0,yes
0.053197928,1,5,1,0,yes
0.024773128,2,4,1,0,yes
0.000611759,2,1,1,0,no
0.000611759,2,1,1,0,no
0.000611759,2,1,1,0,no
0.60601753,1,11,1,0,yes
0.045998305,3,5,1,0,yes
0.01109736,2,5,1,0,yes
0.000597384,7,1,2,0,no
0.000576053,7,1,2,0,no
0.000353541,3,1,1,0,no
0.213093832,3,5,1,1,yes
0.06749972,3,1,1,0,yes
0.059414241,3,1,1,0,yes
0.006906459,7,1,1,0,no
0.003829652,7,1,2,0,no
0.003560614,3,1,1,0,no
0.134269863,3,2,1,0,yes
0.177522421,3,1,1,0,yes
0.044082496,1,4,1,0,yes
0.001677831,5,1,2,0,no
0.001675327,7,1,2,0,no
0.001364627,2,1,1,0,no
0.14140068,5,1,2,5,yes
0.062088087,5,2,2,0,yes
0.094525941,7,1,2,0,yes
0.002081638,3,1,1,0,no
0.002081638,3,1,1,0,no
0.002081638,3,1,1,0,no
0.238889262,1,4,1,0,yes
0.056884956,1,3,1,0,yes
0.033715136,2,4,1,0,yes
0.002394455,4,1,2,9,no
0.002092319,7,1,2,0,no
0.002087489,7,1,2,0,no
0.247689188,1,5,1,0,yes
0.120652057,3,3,1,0,yes
0.041644536,3,2,1,0,yes
0.001320995,2,1,1,0,no
0.001320995,2,1,1,0,no
0.000959419,1,1,1,0,no
0.462420911,3,6,1,1,yes
0.243303671,7,2,2,0,yes
0.052271158,2,3,1,0,yes
0.002797651,7,1,2,0,no
0.002544872,7,1,2,0,no
0.002283952,7,1,2,0,no
0.130782425,3,4,1,37,yes
0.083095454,7,1,2,20,yes
0.032322388,7,2,2,24,yes
0.002222017,3,1,2,0,no
0.001768289,1,1,2,0,no
0.00164767,3,1,1,0,no
0.307905078,5,2,2,0,yes
0.16770032,3,1,1,0,yes
0.128472269,3,1,1,0,yes
0.002914665,2,1,2,0,no
0.002713703,1,1,1,0,no
0.002713703,3,1,1,0,no
0.226641998,3,2,1,0,yes
0.096779019,2,2,1,0,yes
0.058057424,7,2,2,0,yes
0.00443978,3,1,1,0,no
0.003885104,7,1,1,0,no
0.003885104,1,1,1,0,no
0.154821992,3,4,1,0,yes
0.050172213,1,4,1,0,yes
0.045791384,2,3,1,38,yes
0.001508063,3,1,1,0,no
0.001259818,2,1,1,0,no
0.000959608,7,1,1,0,no
0.042238783,2,10,1,0,yes
0.125890061,7,2,2,0,yes
0.033340916,1,4,1,0,yes
0.000657244,3,1,1,0,no
0.000578935,2,1,1,0,no
0.000577598,3,1,1,0,no
0.118037768,1,3,1,0,yes
0.104995891,3,1,1,0,yes
0.049400933,5,2,1,0,yes
0.001566822,3,1,1,0,no
0.001566822,3,1,1,0,no
0.001563505,2,1,1,0,no
0.126916736,3,11,1,1,yes
0.033276618,2,5,1,22,yes
0.056611527,1,1,2,0,yes
0.001464616,7,1,2,0,no
0.001405954,1,1,2,0,no
0.000867809,2,1,1,0,no
0.075112276,3,6,1,0,yes
0.022772925,3,9,1,0,yes
0.024660187,2,5,1,0,yes
0.000855889,1,1,1,0,no
0.000768345,7,1,2,0,no
0.000623707,7,1,1,0,no
0.231108963,5,2,2,0,yes
0.140656784,3,1,1,0,yes
0.092441872,3,1,1,0,yes
0.001750093,2,1,1,0,no
0.001595416,3,1,1,0,no
0.001392548,3,1,1,0,no
0.076344125,2,11,1,19,yes
0.0245387,3,3,1,0,yes
0.011080689,3,4,1,0,yes
0.000999496,7,1,2,0,no
0.000999496,1,1,2,0,no
0.000998004,7,1,2,0,no
0.763217151,1,15,1,0,yes
0.0159718,2,9,1,0,yes
0.037779491,7,2,1,0,yes
0.000188415,2,1,1,0,no
0.000162314,2,1,1,0,no
0.000119751,7,1,1,0,no
0.583833814,1,14,1,0,yes
0.022070734,3,9,1,0,yes
0.018749686,2,7,1,18,yes
0.000393909,7,1,2,0,no
0.000367092,2,1,1,0,no
0.000367092,4,1,1,0,no
0.611382425,1,11,1,0,yes
0.046310987,3,5,1,0,yes
0.011838916,2,6,1,0,yes
0.000601346,7,1,2,0,no
0.000579873,7,1,2,0,no
0.000355886,3,1,1,0,no
0.401463658,1,6,1,0,yes
0.089462429,3,8,1,0,yes
0.014114859,7,6,1,0,yes
0.000593919,3,1,1,0,no
0.0005934,3,1,1,0,no
0.0005934,1,1,1,0,no
0.030016875,7,2,1,0,yes
0.016938493,7,3,1,0,yes
0.045826569,4,1,1,0,yes
0.001608917,7,1,2,0,no
0.001582222,1,1,1,0,no
0.001195244,1,1,1,0,no
0.417376935,1,3,2,0,yes
0.141193628,3,2,1,0,yes
0.13335304,7,2,2,0,yes
0.001826754,1,1,2,0,no
0.001629918,1,1,2,0,no
0.001629918,7,1,2,0,no
0.396234751,3,6,1,0,yes
0.029145705,3,4,1,18,yes
0.073414542,7,1,2,0,yes
0.002471038,7,1,2,0,no
0.002166129,5,1,2,0,no
0.001746106,7,1,2,0,no
0.113847718,1,5,1,0,yes
0.033854302,2,8,1,0,yes
0.118077233,7,1,2,0,yes
0.001032327,3,1,1,0,no
0.000951507,3,1,1,0,no
0.000821372,2,1,1,0,no
0.267169505,1,6,1,0,yes
0.114124238,1,1,1,22,yes
0.031624522,4,2,1,0,yes
0.000874049,3,1,1,0,no
0.000872882,2,1,1,0,no
0.000765785,2,1,1,0,no
0.225282475,1,4,1,0,yes
0.157892928,1,4,1,0,yes
0.058934279,7,1,2,0,yes
0.000854023,1,1,1,0,no
0.000853276,3,1,1,0,no
0.000737858,3,1,1,0,no
0.607691169,1,11,1,0,yes
0.086957559,3,15,1,0,yes
0.009021839,1,3,2,0,yes
0.000233507,1,1,2,0,no
0.000203368,1,1,1,0,no
0.00020319,2,1,1,0,no
0.407380134,3,1,1,16,yes
0.126127332,7,1,2,0,yes
0.114423372,1,1,1,0,yes
0.004914783,2,1,2,0,no
0.002911412,2,1,1,0,no
0.002911412,2,1,1,0,no
0.160148531,3,5,1,0,yes
0.082078539,2,4,1,0,yes
0.04606567,1,3,1,0,yes
0.00118384,1,1,1,0,no
0.001058564,1,1,1,0,no
0.001057285,1,1,1,0,no
0.013722121,3,23,1,0,yes
0.019188179,2,11,1,0,yes
0.04118884,3,2,1,0,yes
0.000340599,2,1,1,0,no
0.000340599,2,1,1,0,no
0.000340422,2,1,1,0,no
0.553763747,3,2,1,12,yes
0.178799465,2,1,1,0,yes
0.098659083,7,1,2,38,yes
0.050606456,3,1,1,0,no
0.037827369,3,1,2,0,no
0.020304659,7,1,2,0,no
0.126727015,7,1,2,24,yes
0.094855808,7,1,2,0,yes
0.094855808,7,1,2,0,yes
0.013922356,3,1,2,0,no
0.013013016,2,1,1,0,no
0.008256149,1,1,1,3,no
0.715791762,3,12,1,0,yes
0.010762995,3,8,1,0,yes
0.026601048,3,2,1,0,yes
0.000577325,7,1,2,0,no
0.000536136,1,1,1,0,no
0.000491728,3,1,1,0,no
0.23616907,7,3,2,7,yes
0.016668892,3,5,1,0,yes
0.06773077,7,1,2,0,yes
0.000600105,3,1,1,0,no
0.000600105,3,1,1,0,no
0.000599541,7,1,1,0,no
0.171784073,1,5,1,0,yes
0.069748633,3,4,1,5,yes
0.018590035,1,5,1,0,yes
0.000881661,2,1,1,0,no
0.00055963,2,1,1,0,no
0.00055963,3,1,1,0,no
0.079530649,3,4,1,11,yes
0.055920891,7,2,1,0,yes
0.097168796,7,1,2,0,yes
0.004289978,3,1,1,0,no
0.003391538,5,1,2,0,no
0.002382213,7,1,1,0,no
0.102629296,2,5,1,0,yes
0.148322359,7,1,2,0,yes
0.059806585,1,2,1,0,yes
0.001651264,1,1,1,0,no
0.001644723,7,1,2,0,no
0.001133537,2,1,1,0,no
0.460236579,6,14,2,0,yes
0.132817641,3,14,1,0,yes
0.030443396,7,2,2,0,yes
0.000398663,3,1,1,0,no
0.000377473,3,1,1,0,no
0.000315619,7,1,2,0,no
0.303170472,3,3,1,0,yes
0.090268023,2,5,1,8,yes
0.049009982,3,2,1,0,yes
0.00073154,2,1,1,0,no
0.00073154,2,1,1,0,no
0.000730656,3,1,1,0,no
0.131711334,1,5,1,0,yes
0.19554615,7,1,2,0,yes
0.030792678,2,4,1,0,yes
0.002845033,7,1,2,0,no
0.00253177,7,1,2,0,no
0.002272641,7,1,2,0,no
0.399832845,3,10,1,0,yes
0.04259064,3,5,1,0,yes
0.018384783,1,3,1,0,yes
0.001067046,3,1,2,0,no
0.000935321,4,1,2,0,no
0.000868304,1,1,1,0,no
0.391519785,3,10,1,0,yes
0.04170512,3,5,1,0,yes
0.018002538,1,3,1,0,yes
0.001149918,6,1,2,0,no
0.001044861,3,1,2,0,no
0.000915874,4,1,2,0,no
0.043003608,2,2,1,0,yes
0.068916753,7,1,2,0,yes
0.067851685,7,1,2,0,yes
0.001635117,4,1,1,0,no
0.001189565,2,1,1,0,no
0.001041935,2,1,1,0,no
0.720365822,1,12,1,0,yes
0.012210215,1,3,1,0,yes
0.005920728,3,3,1,0,yes
0.000303291,7,1,2,0,no
0.000303104,2,1,2,0,no
0.000284653,7,1,2,0,no
0.188777596,3,2,2,0,yes
0.079579338,1,2,1,0,yes
0.131014034,1,1,2,0,yes
0.005176859,7,1,2,0,no
0.005176859,4,1,2,0,no
0.004530095,7,1,2,0,no
0.181124538,1,8,1,0,yes
0.114433363,3,6,1,24,yes
0.024243975,1,3,1,0,yes
0.001028693,7,1,2,0,no
0.001028693,7,1,2,0,no
0.001028693,7,1,2,0,no
0.096061304,2,11,1,0,yes
0.081828929,2,10,1,0,yes
0.100486159,1,5,1,0,yes
0.000972153,1,1,1,0,no
0.000918811,7,1,2,0,no
0.000617313,2,1,1,0,no
0.094832346,2,5,1,0,yes
0.024711043,2,5,1,0,yes
0.079835497,7,1,1,0,yes
0.00400327,2,1,2,0,no
0.003991967,7,1,2,0,no
0.003721683,3,1,1,0,no
0.170371428,1,3,1,0,yes
0.159317225,7,2,2,0,yes
0.086095706,1,3,1,1,yes
0.002649929,7,1,2,0,no
0.002467216,3,1,1,0,no
0.001568987,3,1,1,0,no
0.076907173,1,13,1,1,yes
0.064746015,1,4,1,0,yes
0.073775023,1,3,1,0,yes
0.000938864,3,1,1,0,no
0.000938142,1,1,1,0,no
0.000714602,7,1,2,0,no
0.223516777,3,5,1,0,yes
0.119128913,7,1,2,0,yes
0.048251826,7,2,2,0,yes
0.00236944,7,1,2,0,no
0.00207314,7,1,2,0,no
0.001137463,3,1,1,0,no
0.182368591,1,6,1,0,yes
0.138490602,1,5,1,1,yes
0.075926788,2,6,1,9,yes
0.001060923,4,1,2,0,no
0.000957552,5,1,1,0,no
0.000777136,1,1,1,0,no
0.098147474,7,3,1,0,yes
0.237141326,7,1,2,0,yes
0.169380292,7,1,2,14,yes
0.011790634,3,1,1,1,no
0.010640127,2,1,1,0,no
0.003495754,2,1,1,0,no
0.067112617,1,9,1,20,yes
0.099943586,1,2,1,0,yes
0.079643138,1,2,1,0,yes
0.001476243,1,1,2,0,no
0.001476243,4,1,2,0,no
0.001380165,5,1,1,0,no
0.124025598,2,4,1,1,yes
0.040181145,1,4,1,0,yes
0.046986513,7,1,2,0,yes
0.001235221,1,1,2,0,no
0.000731815,3,1,1,0,no
0.000731072,2,1,1,0,no
0.331755817,1,3,1,0,yes
0.21985276,7,1,2,0,yes
0.082415596,2,1,1,0,yes
0.013693882,3,1,2,0,no
0.006509805,4,1,2,0,no
0.006075815,7,1,2,0,no
0.084216662,7,4,1,0,yes
0.129659981,7,1,2,0,yes
0.018528469,1,4,1,0,yes
0.000779452,1,1,1,0,no
0.000778661,3,1,1,0,no
0.000494237,5,1,1,0,no
0.327275276,3,5,1,0,yes
0.024151059,1,3,1,0,yes
0.042756665,1,1,2,0,yes
0.001577433,1,1,2,0,no
0.001577433,6,1,2,0,no
0.001377377,7,1,2,0,no
0.507747889,3,7,1,0,yes
0.082551911,3,1,1,0,yes
0.011073294,3,6,1,0,yes
0.001208929,7,1,1,0,no
0.000844223,2,1,1,0,no
0.000842794,3,1,1,0,no
0.050012425,3,4,1,0,yes
0.034392528,3,4,1,0,yes
0.100495808,3,1,1,0,yes
0.000658511,5,1,1,0,no
0.000657715,5,1,1,0,no
0.000610248,1,1,1,0,no
0.036987823,3,2,1,0,yes
0.070567749,7,1,2,0,yes
0.032448191,7,2,2,0,yes
0.002280044,1,1,2,0,no
0.002123722,3,1,1,0,no
0.001352281,7,1,1,0,no
0.134634957,7,5,1,0,yes
0.287798524,4,1,2,0,yes
0.023051493,2,4,1,34,yes
0.00142519,7,1,2,0,no
0.001324893,1,1,1,0,no
0.001324893,2,1,1,0,no
0.329673409,1,3,1,0,yes
0.113810025,3,5,1,0,yes
0.044961002,2,6,1,0,yes
0.000851686,1,1,2,0,no
0.000851686,7,1,2,0,no
0.000510336,7,1,2,0,no
0.202799425,2,5,1,29,yes
0.134131923,1,7,1,0,yes
0.059961576,2,6,1,0,yes
0.000837705,7,1,2,0,no
0.000635743,7,1,2,0,no
0.000617861,7,1,2,0,no
0.1200362,3,10,1,0,yes
0.133788347,1,7,1,0,yes
0.06596072,1,8,1,0,yes
0.000364743,2,1,1,0,no
0.000364082,2,1,1,0,no
0.000362517,4,1,2,0,no
0.220057622,2,5,1,0,yes
0.058129065,1,4,1,0,yes
0.038906828,1,4,1,0,yes
0.001485715,1,1,2,0,no
0.001485715,2,1,2,0,no
0.001384728,4,1,1,0,no
0.515940547,1,5,1,0,yes
0.233965129,3,3,1,0,yes
0.057143368,7,1,2,0,yes
0.003951293,7,1,2,0,no
0.002764847,7,1,2,27,no
0.002200907,7,1,2,0,no
0.22960861,2,1,2,0,yes
0.155793712,7,1,2,0,yes
0.137435481,7,1,2,0,yes
0.006172432,3,1,1,0,no
0.006172432,7,1,1,0,no
0.005304073,7,1,2,0,no
0.462131977,3,1,2,0,yes
0.106658205,3,1,2,0,yes
0.064614259,2,1,1,0,yes
0.003838904,1,1,1,0,no
0.003838904,2,1,1,0,no
0.002445557,2,1,1,0,no
0.747714758,1,4,1,1,yes
0.024565307,2,2,1,26,yes
0.04366336,7,1,2,31,yes
0.002127283,7,1,2,0,no
0.001651244,7,1,2,0,no
0.00097774,1,1,1,0,no
0.097313717,1,3,1,0,yes
0.027516108,1,6,1,31,yes
0.047506377,7,3,2,0,yes
0.001216835,3,1,1,0,no
0.00116837,5,1,1,0,no
0.000773843,3,1,1,0,no
0.331127405,3,3,1,0,yes
0.116135538,1,1,1,0,yes
0.074425727,2,1,2,7,yes
0.021393461,7,1,2,42,no
0.016975304,7,1,2,0,no
0.015425306,3,1,1,0,no
0.095696971,3,5,1,0,yes
0.111580454,1,3,1,0,yes
0.144173101,3,2,1,0,yes
0.001881272,1,1,2,0,no
0.001859745,7,1,1,0,no
0.00177733,3,1,1,0,no
0.171784073,1,5,1,0,yes
0.069748633,3,4,1,5,yes
0.018590035,1,5,1,0,yes
0.000881661,2,1,1,0,no
0.00055963,2,1,1,0,no
0.00055963,3,1,1,0,no
0.165401682,3,2,1,0,yes
0.114932634,7,1,2,0,yes
0.100878112,3,1,2,0,yes
0.012224725,7,1,2,0,no
0.008382541,2,1,1,0,no
0.008382541,1,1,1,0,no
0.09763144,2,4,1,0,yes
0.050583426,7,2,2,0,yes
0.020860992,2,4,1,0,yes
0.001113686,2,1,1,0,no
0.001113686,7,1,1,0,no
0.000749546,1,1,1,0,no
0.145457372,1,5,1,0,yes
0.108314544,1,5,1,0,yes
0.133910224,1,4,1,1,yes
0.00207999,7,1,2,0,no
0.00207999,2,1,2,0,no
0.001655282,7,1,2,0,no
0.275918692,1,3,1,0,yes
0.198505938,1,3,1,1,yes
0.118097819,7,2,2,0,yes
0.00544392,7,1,2,0,no
0.004286177,2,1,1,0,no
0.002660559,7,1,2,18,no
0.317282259,1,7,1,0,yes
0.177401915,1,3,1,0,yes
0.060846549,1,3,1,0,yes
0.001128843,7,1,2,0,no
0.000987593,7,1,2,0,no
0.00096286,7,1,2,0,no
0.051237855,3,4,1,0,yes
0.11572697,3,1,2,0,yes
0.037697714,3,3,1,0,yes
0.002319441,7,1,2,0,no
0.002319441,7,1,2,0,no
0.002156198,1,1,1,0,no
0.32576701,1,7,1,0,yes
0.182145998,1,3,1,0,yes
0.062473707,1,3,1,0,yes
0.001014003,7,1,2,0,no
0.000988609,7,1,2,0,no
0.000945881,2,1,1,0,no
0.503448784,1,9,1,1,yes
0.091279916,2,9,1,40,yes
0.027224209,2,11,1,0,yes
0.000402892,7,1,2,0,no
0.000402892,2,1,2,0,no
0.000374669,3,1,1,0,no
0.088908188,1,6,1,0,yes
0.035970323,1,10,1,0,yes
0.030957524,1,5,1,0,yes
0.000644816,2,1,1,0,no
0.000644495,1,1,1,0,no
0.000468467,3,1,1,0,no
0.082892351,3,5,1,0,yes
0.144019485,3,2,1,0,yes
0.06391079,3,1,2,22,yes
0.004309027,7,1,2,0,no
0.004011797,3,1,1,0,no
0.003407977,7,1,1,0,no
0.050012425,3,4,1,0,yes
0.034392528,3,4,1,0,yes
0.100495808,3,1,1,0,yes
0.000658511,5,1,1,0,no
0.000657715,5,1,1,0,no
0.000610248,1,1,1,0,no
0.039471835,2,7,1,0,yes
0.115648553,7,2,2,0,yes
0.033709396,3,5,1,0,yes
0.000547446,1,1,1,0,no
0.00036754,3,1,1,0,no
0.000321749,3,1,1,0,no
0.183344811,3,2,1,0,yes
0.257102042,1,1,2,0,yes
0.080101281,1,2,1,0,yes
0.026937518,7,1,2,0,no
0.021346869,4,1,2,44,no
0.01527354,7,1,2,0,no
0.199556425,3,2,1,0,yes
0.12424282,3,3,1,0,yes
0.117727667,4,1,2,0,yes
0.019096492,7,1,2,0,no
0.014747202,7,1,2,0,no
0.012906956,1,1,2,0,no
0.414017856,7,2,2,44,yes
0.158128873,7,1,2,0,yes
0.098327912,2,1,1,0,yes
0.016901901,7,1,2,0,no
0.010890215,1,1,2,0,no
0.003561404,7,1,2,39,no
0.153011158,1,6,1,0,yes
0.108762279,1,5,1,0,yes
0.04280185,1,5,1,0,yes
0.000710724,3,1,1,0,no
0.000539755,7,1,2,0,no
0.000469596,3,1,1,0,no
0.184819639,3,2,1,0,yes
0.076879807,1,2,1,0,yes
0.070201911,1,2,1,0,yes
0.009611089,1,1,1,0,no
0.009611089,2,1,1,0,no
0.005114722,7,1,1,1,no
0.122242577,7,2,2,0,yes
0.110512331,3,1,2,0,yes
0.094774589,3,1,1,0,yes
0.005538641,3,1,1,0,no
0.00552928,2,1,1,0,no
0.003959137,1,1,2,0,no
0.327931136,3,10,1,0,yes
0.066810191,2,9,1,0,yes
0.058166932,1,3,1,0,yes
0.001035835,1,1,1,0,no
0.001032634,3,1,2,0,no
0.00090259,7,1,2,0,no
0.210569412,2,8,1,0,yes
0.028014233,2,11,1,1,yes
0.02389241,2,9,1,0,yes
0.000490384,1,1,1,0,no
0.000356329,7,1,1,0,no
0.000304274,1,1,2,0,no
0.083626263,3,3,1,0,yes
0.022263607,3,5,1,0,yes
0.054028571,7,1,2,0,yes
0.000549666,3,1,1,0,no
0.000549666,2,1,1,0,no
0.000549308,7,1,1,0,no
0.321930557,1,11,1,0,yes
0.149242312,2,13,1,27,yes
0.08325015,1,7,1,0,yes
0.000284004,1,1,1,0,no
0.000270159,3,1,1,0,no
0.000228905,3,1,1,0,no
0.657101631,3,5,1,0,yes
0.0340624,3,4,2,0,yes
0.040547911,3,3,1,0,yes
0.001988061,6,1,2,0,no
0.001847162,7,1,2,0,no
0.001847162,7,1,2,0,no
0.217565805,3,1,1,0,yes
0.172103211,3,1,2,0,yes
0.071409933,7,2,1,0,yes
0.017763987,7,1,2,0,no
0.016556682,7,1,1,0,no
0.013184762,1,1,1,0,no
0.448634148,2,5,1,0,yes
0.064461775,3,3,1,0,yes
0.083648011,1,1,2,0,yes
0.002711637,3,1,2,0,no
0.002528035,3,1,1,0,no
0.002284294,3,1,1,0,no
0.331537664,3,1,1,0,yes
0.091145948,3,1,1,0,yes
0.088579997,7,1,2,0,yes
0.00762301,7,1,2,0,no
0.005409045,2,1,1,0,no
0.005409045,1,1,1,0,no
0.533118129,1,15,1,0,yes
0.030881483,3,6,1,0,yes
0.021890983,3,6,1,0,yes
0.000423124,2,1,1,0,no
0.000422834,1,1,1,0,no
0.000422834,1,1,1,0,no
0.054299891,1,4,1,0,yes
0.135769293,3,1,1,0,yes
0.070055231,1,1,2,1,yes
0.001680808,7,1,2,0,no
0.001566114,2,1,1,0,no
0.000994872,2,1,1,0,no
0.473323137,3,1,2,0,yes
0.110816799,3,1,2,0,yes
0.067248285,2,1,1,0,yes
0.004005293,1,1,1,0,no
0.004005293,2,1,1,0,no
0.0025517,2,1,1,0,no
0.552268445,1,14,1,0,yes
0.029430404,3,5,1,0,yes
0.023791304,3,4,1,0,yes
0.000508573,1,1,1,0,no
0.000464842,1,1,1,0,no
0.000323541,7,1,1,0,no
0.507318795,3,7,1,0,yes
0.082482144,3,1,1,0,yes
0.011063935,3,6,1,0,yes
0.001207907,7,1,1,0,no
0.00084351,2,1,1,0,no
0.000842082,3,1,1,0,no
0.327336282,3,5,1,0,yes
0.02420797,1,3,1,0,yes
0.042851713,1,1,2,0,yes
0.001581406,6,1,2,0,no
0.001383549,7,1,2,0,no
0.001380848,7,1,2,0,no
0.317649603,3,3,1,0,yes
0.027483845,1,2,2,43,yes
0.046985533,6,1,2,0,yes
0.004907593,4,1,2,0,no
0.003629229,7,1,2,0,no
0.003371979,2,1,1,0,no
0.331127405,3,3,1,0,yes
0.116135538,1,1,1,0,yes
0.074425727,2,1,2,7,yes
0.021393461,7,1,2,42,no
0.016975304,7,1,2,0,no
0.015425306,3,1,1,0,no
0.083817124,3,6,1,0,yes
0.138714865,3,1,1,0,yes
0.049524978,3,2,1,0,yes
0.003841853,4,1,2,0,no
0.003062665,1,1,2,0,no
0.001959628,2,1,1,0,no
0.096061304,2,11,1,0,yes
0.081828929,2,10,1,0,yes
0.100486159,1,5,1,0,yes
0.000972153,1,1,1,0,no
0.000918811,7,1,2,0,no
0.000617313,2,1,1,0,no
0.720365822,1,12,1,0,yes
0.012210215,1,3,1,0,yes
0.005920728,3,3,1,0,yes
0.000303291,7,1,2,0,no
0.000303104,2,1,2,0,no
0.000284653,7,1,2,0,no
0.152893201,1,6,1,0,yes
0.108850934,1,6,1,0,yes
0.045107741,1,5,1,0,yes
0.000539779,7,1,2,0,no
0.00046946,3,1,1,0,no
0.00046946,1,1,1,0,no
0.226386234,3,7,1,1,yes
0.156236336,3,4,1,0,yes
0.085249469,3,1,2,0,yes
0.002377603,7,1,2,0,no
0.002136388,2,1,2,0,no
0.001264741,2,1,1,0,no
0.095696971,3,5,1,0,yes
0.111580454,1,3,1,0,yes
0.144173101,3,2,1,0,yes
0.001881272,1,1,2,0,no
0.001859745,7,1,1,0,no
0.00177733,3,1,1,0,no
0.631446958,3,3,1,0,yes
0.035000965,7,1,2,0,yes
0.019394651,1,1,1,0,yes
0.003674922,2,1,1,0,no
0.003121796,5,1,2,0,no
0.002731626,7,1,2,0,no
0.399465919,3,2,1,0,yes
0.107833311,1,3,1,0,yes
0.117574178,5,1,1,0,yes
0.011809708,7,1,2,0,no
0.009793937,3,1,1,0,no
0.007512275,7,1,2,0,no
0.548508823,1,6,1,18,yes
0.198817,1,2,1,0,yes
0.052189939,4,1,2,0,yes
0.004095159,7,1,2,34,no
0.003339196,7,1,1,0,no
0.003339196,2,1,1,0,no
0.227176979,3,2,1,0,yes
0.05223475,2,3,1,0,yes
0.088113323,3,1,2,0,yes
0.004156969,3,1,1,0,no
0.00254866,3,1,1,0,no
0.001686482,3,1,1,0,no
0.247587785,1,7,1,0,yes
0.029168064,7,2,2,0,yes
0.009875928,1,3,1,0,yes
0.000493388,2,1,1,0,no
0.000358435,3,1,1,0,no
0.000260138,7,1,2,0,no
0.139055744,1,4,1,0,yes
0.049761415,3,8,1,0,yes
0.182631612,3,2,2,0,yes
0.001355773,7,1,2,0,no
0.001355773,7,1,2,0,no
0.001355773,7,1,2,0,no
0.115799136,2,12,1,0,yes
0.073100813,1,5,1,0,yes
0.056135152,2,6,1,0,yes
0.000598914,1,1,2,0,no
0.000459262,5,1,2,0,no
0.000398796,2,1,1,0,no
0.06627626,3,5,1,0,yes
0.064766325,3,4,1,0,yes
0.042693004,3,3,2,0,yes
0.000832786,7,1,2,0,no
0.000832786,7,1,2,0,no
0.000492886,1,1,1,0,no
0.335105926,3,1,1,0,yes
0.154290751,1,1,1,0,yes
0.108468823,7,1,2,32,yes
0.034928694,7,1,2,0,no
0.020738315,2,1,1,0,no
0.020738315,1,1,1,0,no
0.16902487,1,10,1,0,yes
0.109504595,1,7,1,0,yes
0.052652355,3,11,1,0,yes
0.000564034,5,1,2,0,no
0.000525204,2,1,1,0,no
0.000523533,1,1,1,0,no
0.395376444,3,2,1,0,yes
0.222256333,1,2,1,0,yes
0.134926632,3,1,1,0,yes
0.007141455,2,1,1,0,no
0.004557291,3,1,1,0,no
0.004540718,3,1,1,0,no
0.257739693,3,17,1,0,yes
0.055587817,1,6,1,0,yes
0.087041095,3,3,1,0,yes
0.00064278,2,1,1,0,no
0.000460753,1,1,2,0,no
0.000409212,3,1,1,0,no
0.427563667,3,5,1,10,yes
0.044242077,2,2,1,0,yes
0.069055885,3,1,1,0,yes
0.00276728,7,1,2,0,no
0.002760895,7,1,2,0,no
0.002760895,7,1,2,0,no
0.537368238,3,4,1,0,yes
0.074938133,7,1,2,0,yes
0.074938133,4,1,2,0,yes
0.003254329,7,1,2,0,no
0.002847537,4,1,2,33,no
0.001686127,3,1,1,0,no
0.271425009,3,7,1,0,yes
0.216487646,3,3,1,10,yes
0.064944886,7,2,2,0,yes
0.003910508,7,1,2,33,no
0.003910508,7,1,2,0,no
0.003102162,7,1,2,0,no
0.109652109,1,5,1,0,yes
0.117318802,2,4,1,29,yes
0.035305701,2,3,1,0,yes
0.001476431,7,1,2,0,no
0.00129168,7,1,2,0,no
0.000952712,7,1,2,0,no
0.104545593,3,2,1,0,yes
0.154668614,7,1,2,0,yes
0.074979953,2,1,2,0,yes
0.005913825,7,1,2,0,no
0.005913825,7,1,2,0,no
0.00549808,2,1,1,0,no
0.253680378,1,6,1,0,yes
0.283183694,1,5,1,0,yes
0.08776623,2,7,1,0,yes
0.001004985,7,1,2,0,no
0.001003022,7,1,2,0,no
0.000741674,3,1,1,0,no
0.097574651,3,10,1,0,yes
0.066985868,1,6,1,0,yes
0.026227633,3,10,1,0,yes
0.001506335,4,1,2,0,no
0.001319058,7,1,2,0,no
0.001317818,4,1,2,0,no
0.423589915,3,5,1,0,yes
0.035937764,3,3,1,0,yes
0.063049957,3,1,2,0,yes
0.005731218,1,1,1,0,no
0.005731218,2,1,1,0,no
0.005086134,7,1,2,0,no
0.334628373,7,1,1,0,yes
0.152226269,7,2,2,0,yes
0.137654901,3,2,1,0,yes
0.008881587,7,1,2,42,no
0.005262416,2,1,1,0,no
0.005262416,2,1,1,0,no
0.761627316,1,14,1,0,yes
0.015441867,1,5,1,0,yes
0.003183948,3,9,1,0,yes
0.000151087,7,1,1,0,no
0.000113475,2,1,1,0,no
0.000113475,2,1,1,0,no
0.496431202,3,2,1,0,yes
0.066280961,1,1,1,0,yes
0.044748578,7,1,2,17,yes
0.009432171,7,1,2,0,no
0.009302267,1,1,1,1,no
0.005567649,2,1,1,0,no
0.205364913,1,3,1,0,yes
0.23802425,3,1,1,0,yes
0.103090726,3,1,1,0,yes
0.011886851,3,1,2,0,no
0.006599538,7,1,2,0,no
0.006599538,7,1,2,0,no
0.290463418,3,1,1,1,yes
0.220212936,1,1,1,0,yes
0.095038086,3,1,1,0,yes
0.02466733,7,1,2,0,no
0.014760123,2,1,1,0,no
0.014760123,1,1,1,0,no
0.06369286,1,2,2,0,yes
0.044328462,7,2,1,0,yes
0.025979655,2,3,1,0,yes
0.001510969,7,1,2,0,no
0.001405837,7,1,1,0,no
0.000896857,2,1,1,0,no
0.023960069,1,8,1,0,yes
0.014705346,1,5,1,0,yes
0.022474019,1,3,1,0,yes
0.0009651,1,1,2,0,no
0.000685208,1,1,2,0,no
0.000605037,1,1,1,0,no
0.644457817,3,1,1,0,yes
0.140436873,1,1,1,0,yes
0.064739399,7,1,2,39,yes
0.060198452,7,1,2,21,no
0.015084096,7,1,2,0,no
0.010343966,7,1,2,0,no
0.168192908,5,2,2,0,yes
0.158925503,7,2,2,0,yes
0.208496407,7,1,2,0,yes
0.032847513,7,1,2,0,no
0.020967264,7,1,2,0,no
0.017180979,7,1,1,0,no
0.187940463,3,1,1,0,yes
0.085061036,1,1,1,0,yes
0.059542701,7,1,2,23,yes
0.018989014,7,1,2,0,no
0.011259479,1,1,1,0,no
0.011259479,2,1,1,0,no
0.041671906,2,8,1,0,yes
0.045931626,3,3,1,0,yes
0.036689419,3,2,1,0,yes
0.00053324,3,1,1,0,no
0.00053324,3,1,1,0,no
0.000339198,3,1,1,0,no
0.03215399,1,4,1,0,yes
0.030443614,2,2,1,0,yes
0.014572795,1,4,1,0,yes
0.001117135,4,1,2,0,no
0.000832027,7,1,1,0,no
0.000661983,3,1,1,0,no
0.58084619,3,1,1,0,yes
0.131685704,3,1,1,0,yes
0.086840503,7,1,2,0,yes
0.014480834,1,1,1,1,no
0.013656791,7,1,2,0,no
0.012665364,4,1,2,0,no
0.120522037,3,2,1,0,yes
0.074276038,2,2,1,0,yes
0.061234236,7,2,2,38,yes
0.000936209,7,1,2,0,no
0.000775326,3,1,1,0,no
0.000549236,1,1,2,0,no
0.232886821,3,1,1,0,yes
0.150035769,3,1,2,0,yes
0.09320759,1,1,1,0,yes
0.01796788,7,1,2,0,no
0.012364457,2,1,1,0,no
0.012364457,1,1,1,0,no
0.307176501,3,1,1,0,yes
0.200152427,3,1,1,0,yes
0.102495328,7,1,2,0,yes
0.015532992,7,1,2,0,no
0.012129488,1,1,1,0,no
0.012129488,2,1,1,0,no
0.07043574,3,5,1,0,yes
0.108790487,1,3,1,0,yes
0.152177438,7,1,2,0,yes
0.002231446,4,1,2,0,no
0.002077506,7,1,1,0,no
0.001731639,4,1,2,0,no
0.192079917,3,1,1,0,yes
0.183271125,3,1,1,0,yes
0.086934529,1,1,1,0,yes
0.016651114,7,1,1,0,no
0.015564607,7,1,2,0,no
0.011540005,7,1,1,0,no
0.33583203,3,8,1,1,yes
0.061986819,7,1,2,0,yes
0.049614709,7,1,2,0,yes
0.002086357,7,1,2,0,no
0.001828449,1,1,2,0,no
0.00170082,3,1,1,0,no
0.101687841,2,7,1,0,yes
0.066407792,3,3,1,0,yes
0.062677115,7,1,2,1,yes
0.001131605,7,1,2,0,no
0.000895703,3,1,1,0,no
0.000895703,7,1,1,0,no
0.143282518,7,2,2,0,yes
0.201346964,3,1,2,0,yes
0.130139336,3,1,1,0,yes
0.007785311,3,1,1,0,no
0.007763358,2,1,1,0,no
0.005555898,1,1,2,0,no
0.124943428,3,2,1,0,yes
0.099142149,7,1,2,0,yes
0.083062604,1,1,1,0,yes
0.021039486,3,1,2,0,no
0.0184131,7,1,2,0,no
0.006958178,2,1,1,0,no
0.397849113,3,2,1,0,yes
0.16482915,7,1,1,0,yes
0.075224534,2,1,2,0,yes
0.031400036,7,1,2,0,no
0.022793613,7,1,2,24,no
0.018655073,3,1,1,0,no
0.575742781,1,6,1,0,yes
0.018044,7,4,1,0,yes
0.019254025,1,3,1,0,yes
0.000733279,7,1,2,0,no
0.000712896,7,1,2,0,no
0.000567402,3,1,2,0,no
0.549415231,1,3,1,0,yes
0.292972594,3,2,1,0,yes
0.020733723,7,1,2,0,yes
0.009157124,7,1,2,0,no
0.005811863,7,1,2,0,no
0.005811863,7,1,2,0,no
0.08958523,2,8,1,1,yes
0.119352743,1,1,2,0,yes
0.032271873,1,3,1,0,yes
0.001529373,1,1,2,0,no
0.00142741,2,1,2,0,no
0.001417902,7,1,1,0,no
0.032127243,2,3,1,37,yes
0.049605131,7,1,2,0,yes
0.045183979,7,1,2,0,yes
0.001440871,1,1,2,0,no
0.001341435,2,1,1,0,no
0.001338815,7,1,1,0,no
0.070421495,3,3,2,12,yes
0.055098668,3,3,1,0,yes
0.050614867,2,2,1,0,yes
0.003918456,2,1,1,0,no
0.001971037,1,1,1,0,no
0.001971037,1,1,1,0,no
0.052388087,7,1,2,0,yes
0.03337808,7,1,2,0,yes
0.03337808,7,1,2,0,yes
0.00111931,1,1,1,0,no
0.001028697,4,1,2,0,no
0.000815068,3,1,1,0,no
0.756228447,3,1,1,0,yes
0.086004354,7,1,2,0,yes
0.086004354,7,1,2,45,yes
0.086004354,7,1,2,45,no
0.051424697,7,1,2,0,no
0.020338131,7,1,2,0,no
0.150976539,3,1,1,0,yes
0.122046225,7,1,2,27,yes
0.067841336,1,1,1,0,yes
0.010925002,7,1,2,0,no
0.008896179,1,1,1,0,no
0.008896179,2,1,1,0,no
0.076073185,3,9,1,0,yes
0.054953568,5,5,1,0,yes
0.038235184,1,5,1,0,yes
0.000284072,1,1,1,0,no
0.00027372,1,1,1,0,no
0.000237518,1,1,2,0,no
0.063119613,1,3,1,0,yes
0.088571951,1,1,2,0,yes
0.058283839,1,1,2,45,yes
0.001977676,4,1,2,0,no
0.001977676,7,1,2,0,no
0.001681647,7,1,1,0,no
0.390281558,3,2,1,0,yes
0.118771039,1,1,2,0,yes
0.072143406,1,1,1,0,yes
0.005385472,1,1,1,0,no
0.004604279,7,1,2,0,no
0.004287108,2,1,1,0,no
0.295067549,3,3,1,0,yes
0.133976594,3,1,1,0,yes
0.108975276,3,1,1,0,yes
0.014474939,7,1,2,0,no
0.014410944,3,1,1,0,no
0.008622637,7,1,1,0,no
0.119697191,3,2,1,0,yes
0.156765476,7,1,2,0,yes
0.138183489,7,1,2,4,yes
0.006618848,7,1,2,0,no
0.003113004,7,1,1,0,no
0.003113004,7,1,1,0,no
0.17252031,1,11,1,0,yes
0.060925703,3,10,1,0,yes
0.079883054,1,6,1,0,yes
0.000574281,7,1,2,0,no
0.000534746,2,1,1,0,no
0.000533044,1,1,1,0,no
0.366126776,1,5,1,1,yes
0.106282763,1,3,1,0,yes
0.168748304,1,1,1,0,yes
0.003066666,7,1,2,0,no
0.002457966,7,1,2,34,no
0.001956142,7,1,2,0,no
0.165346518,1,10,1,0,yes
0.068860017,3,10,1,0,yes
0.098215953,1,6,1,0,yes
0.000651997,7,1,2,0,no
0.000605277,1,1,1,0,no
0.000386191,1,1,1,0,no
0.600506425,1,3,1,14,yes
0.110208198,7,2,2,35,yes
0.02431808,1,4,1,0,yes
0.002707223,1,1,2,6,no
0.002368887,1,1,2,0,no
0.002207416,3,1,1,0,no
0.131273285,3,2,1,0,yes
0.186426744,3,1,2,0,yes
0.147982597,3,1,2,0,yes
0.013271081,7,1,2,0,no
0.008418154,7,1,2,0,no
0.004986973,3,1,1,0,no
0.250706881,1,4,1,0,yes
0.055920292,1,6,1,0,yes
0.066768356,3,2,1,0,yes
0.000626936,5,1,1,0,no
0.000601325,2,1,1,0,no
0.000600715,3,1,1,0,no
0.514824331,3,10,1,0,yes
0.133267105,2,4,1,0,yes
0.037822269,3,2,1,0,yes
0.003370911,3,1,2,0,no
0.002145423,7,1,2,0,no
0.001877083,1,1,2,0,no
0.429011256,3,12,1,1,yes
0.314394176,3,7,1,0,yes
0.024822542,7,2,2,0,yes
0.000547106,7,1,1,0,no
0.000547106,3,1,1,0,no
0.000546627,7,1,1,0,no
0.546121538,1,12,1,0,yes
0.071078457,1,4,1,0,yes
0.024464784,2,6,1,0,yes
0.000364884,1,1,1,0,no
0.000364884,1,1,1,0,no
0.000232221,7,1,1,0,no
0.071966648,1,6,1,0,yes
0.052936096,2,7,1,0,yes
0.011602068,7,28,1,29,yes
0.000370284,4,1,1,0,no
0.000324258,5,1,1,0,no
0.000323929,3,1,1,0,no
0.403271109,7,7,1,21,yes
0.208616003,3,5,1,0,yes
0.020975279,2,3,1,0,yes
0.001170254,7,1,2,0,no
0.000955394,7,1,2,0,no
0.000350786,1,1,2,0,no
0.117723823,2,5,1,0,yes
0.128571123,3,2,1,0,yes
0.04828589,2,3,1,0,yes
0.002405679,7,1,2,0,no
0.002130786,3,1,1,0,no
0.00200073,7,1,2,0,no
0.213366538,3,13,1,0,yes
0.031901672,3,12,1,0,yes
0.022179417,1,5,1,0,yes
0.000731237,1,1,1,0,no
0.000731237,2,1,1,4,no
0.00066067,7,1,1,0,no
0.288029164,3,13,1,0,yes
0.031995866,3,12,1,0,yes
0.020674584,1,5,1,0,yes
0.000681661,2,1,1,0,no
0.000681661,1,1,1,0,no
0.000615878,7,1,1,0,no
0.187708467,1,6,1,26,yes
0.055032663,1,3,1,0,yes
0.011081943,2,9,1,0,yes
0.001092873,7,1,2,0,no
0.001092873,4,1,2,0,no
0.000876334,3,1,1,0,no
0.271021426,1,4,1,0,yes
0.02678005,3,3,1,0,yes
0.060778823,1,1,2,0,yes
0.002295419,1,1,2,0,no
0.002158672,4,1,2,0,no
0.002154458,7,1,2,0,no
0.10383942,5,1,1,0,yes
0.081258371,3,1,2,0,yes
0.036326267,2,2,1,29,yes
0.001491738,7,1,2,0,no
0.001491738,7,1,2,0,no
0.001361166,1,1,2,0,no
0.180109382,3,1,1,0,yes
0.067624561,7,2,2,0,yes
0.065269418,3,1,1,0,yes
0.003232999,7,1,2,0,no
0.001918345,7,1,1,0,no
0.001913915,3,1,1,0,no
0.140807867,3,6,1,0,yes
0.150587857,7,3,2,0,yes
0.071083605,3,2,1,0,yes
0.002108086,4,1,2,0,no
0.001963272,6,1,1,0,no
0.001249495,2,1,1,0,no
0.354412228,1,9,1,0,yes
0.110447481,2,10,1,44,yes
0.133195102,1,7,1,0,yes
0.000466131,2,1,1,0,no
0.000466131,2,1,1,0,no
0.00040401,7,1,2,0,no
0.05710762,2,6,1,0,yes
0.030093968,1,7,1,0,yes
0.056675408,1,3,1,0,yes
0.001167163,7,1,2,0,no
0.001086961,3,1,1,0,no
0.000505957,7,1,2,0,no
0.188777596,3,2,2,0,yes
0.079579338,1,2,1,0,yes
0.131014034,1,1,2,0,yes
0.005176859,7,1,2,0,no
0.005176859,4,1,2,0,no
0.004530095,7,1,2,0,no
0.031023648,7,7,1,0,yes
0.051545542,1,4,1,0,yes
0.011234946,2,5,1,0,yes
0.000926477,2,1,1,0,no
0.000926477,1,1,1,0,no
0.000922806,1,1,2,0,no
0.137449101,7,2,2,0,yes
0.071181744,7,1,2,30,yes
0.026942534,7,2,2,0,yes
0.00197232,7,1,2,30,no
0.001425205,5,1,1,0,no
0.001419885,2,1,1,0,no
0.096222945,7,1,2,0,yes
0.057825107,2,1,1,0,yes
0.056775596,1,1,2,1,yes
0.003610975,7,1,2,0,no
0.003610975,7,1,2,0,no
0.001560478,1,1,2,0,no
0.042361192,1,4,1,19,yes
0.035399079,1,3,1,0,yes
0.02692854,1,3,1,0,yes
0.001451185,3,1,1,0,no
0.001250137,7,1,2,41,no
0.000921865,3,1,1,0,no
0.073092304,3,2,1,0,yes
0.069953538,7,2,2,0,yes
0.110261902,7,1,2,0,yes
0.005471217,7,1,2,0,no
0.005100789,7,1,1,0,no
0.004271539,3,1,1,0,no
0.09864419,1,3,1,0,yes
0.027904902,1,6,1,27,yes
0.048343182,7,3,2,0,yes
0.00132609,5,1,2,0,no
0.001186389,5,1,1,0,no
0.000785862,3,1,1,0,no
0.584157586,1,7,1,8,yes
0.05393992,1,3,1,0,yes
0.024592394,2,6,1,0,yes
0.001286778,3,1,1,0,no
0.001286778,2,1,1,0,no
0.000815129,1,1,1,0,no
0.07828559,2,7,1,0,yes
0.033900529,7,5,1,0,yes
0.039933953,3,2,1,0,yes
0.000562898,3,1,1,0,no
0.000562606,7,1,1,0,no
0.000562606,3,1,1,0,no
0.196747974,1,3,1,0,yes
0.075498365,7,2,2,0,yes
0.102651082,7,1,2,0,yes
0.003961632,7,1,2,0,no
0.003961632,7,1,2,0,no
0.003849599,7,1,2,0,no
0.131137028,2,20,1,0,yes
0.157449499,1,11,1,0,yes
0.05416422,1,11,1,0,yes
0.000308676,3,1,1,0,no
0.000258266,7,1,2,0,no
0.000253089,7,1,2,0,no
0.099000148,3,4,1,0,yes
0.077412076,3,4,1,0,yes
0.148860142,3,1,1,0,yes
0.004816081,7,1,2,0,no
0.004491562,2,1,1,0,no
0.002851372,2,1,1,0,no
0.134094,3,1,1,0,yes
0.090662703,3,1,1,0,yes
0.06862773,1,1,1,0,yes
0.00793791,6,1,1,0,no
0.00793791,1,1,1,0,no
0.006648135,3,1,1,0,no
0.051449582,2,9,1,1,yes
0.05085719,2,8,1,21,yes
0.056607444,1,2,1,0,yes
0.000512823,1,1,2,0,no
0.00047783,2,1,2,0,no
0.000358666,2,1,1,0,no
0.150379777,1,6,1,0,yes
0.055840474,1,8,1,0,yes
0.018083766,1,6,1,0,yes
0.000641221,3,1,1,0,no
0.000640875,3,1,1,0,no
0.000408334,2,1,1,0,no
0.151136264,3,1,2,0,yes
0.149158046,7,1,2,0,yes
0.114597023,3,1,1,0,yes
0.008305465,7,1,2,0,no
0.0067727,2,1,1,0,no
0.0067727,1,1,1,0,no
0.11583057,3,6,1,0,yes
0.11270757,4,1,2,35,yes
0.06462419,7,1,2,0,yes
0.001652093,7,1,2,0,no
0.001536529,1,1,1,0,no
0.000954104,1,1,2,0,no
0.054542758,7,6,1,0,yes
0.087215312,7,2,2,39,yes
0.154387936,1,1,2,0,yes
0.001632312,7,1,2,0,no
0.001519099,3,1,1,0,no
0.001517424,3,1,1,0,no
0.179530323,7,5,1,0,yes
0.07892365,3,6,1,0,yes
0.077020504,2,6,1,33,yes
0.001067187,1,1,2,0,no
0.000882304,7,1,2,0,no
0.000681576,2,1,1,0,no
0.221507639,3,3,1,0,yes
0.115735523,3,2,1,24,yes
0.157284945,7,1,2,0,yes
0.004497246,3,1,2,0,no
0.003043945,7,1,1,0,no
0.00266325,7,1,1,0,no
0.179708704,7,1,2,0,yes
0.031389263,2,3,1,0,yes
0.083383113,1,1,2,41,yes
0.002329775,7,1,2,0,no
0.002329775,4,1,2,0,no
0.001379059,2,1,1,0,no
0.645084083,1,7,1,0,yes
0.042191397,1,4,1,0,yes
0.062115166,5,2,2,0,yes
0.000988967,1,1,2,0,no
0.00077407,7,1,1,0,no
0.000512119,2,1,1,0,no
0.056684185,3,3,1,0,yes
0.020586696,1,8,1,0,yes
0.096960954,7,1,2,0,yes
0.000453953,7,1,2,0,no
0.000453953,7,1,2,0,no
0.000453953,7,1,2,0,no
0.478423148,1,4,1,8,yes
0.037073594,1,3,2,0,yes
0.038702317,7,1,2,0,yes
0.002573092,7,1,2,0,no
0.0022514,4,1,2,0,no
0.0022514,1,1,2,0,no
0.046806812,3,7,1,0,yes
0.058898717,1,3,1,0,yes
0.038075395,2,4,1,0,yes
0.001486403,4,1,2,0,no
0.00147016,7,1,2,0,no
0.000879764,7,1,1,0,no
0.296764046,3,4,1,0,yes
0.082715154,2,3,1,0,yes
0.04670722,1,2,1,0,yes
0.005660587,2,1,2,0,no
0.004201252,2,1,1,0,no
0.003569934,2,1,1,0,no
0.41497305,3,4,1,0,yes
0.100155607,3,1,1,0,yes
0.038408674,5,1,2,0,yes
0.002597375,7,1,2,0,no
0.002407184,1,1,2,0,no
0.00153773,3,1,1,0,no
0.052636459,7,1,2,0,yes
0.033534613,7,1,2,0,yes
0.033534613,7,1,2,0,yes
0.001033431,4,1,2,0,no
0.000818819,3,1,1,0,no
0.000715695,7,1,1,0,no
0.349537432,3,1,2,0,yes
0.226923436,3,1,1,0,yes
0.098488629,3,1,1,0,yes
0.020597266,7,1,2,0,no
0.020133046,2,1,1,1,no
0.015662301,7,1,2,0,no
0.157404974,2,4,1,0,yes
0.132471099,2,1,2,41,yes
0.063875273,2,2,1,0,yes
0.003975716,7,1,2,0,no
0.003707831,2,1,1,0,no
0.002353861,2,1,1,0,no
0.209473893,1,4,1,0,yes
0.289765418,1,2,2,11,yes
0.089486733,2,5,1,1,yes
0.003036186,2,1,1,0,no
0.002564155,3,1,2,0,no
0.002402096,1,1,2,0,no
0.282959044,1,3,1,19,yes
0.375136912,1,2,2,0,yes
0.131595045,3,1,1,0,yes
0.006984807,1,1,1,0,no
0.006984807,2,1,1,0,no
0.004444763,3,1,1,0,no
0.107416861,7,1,2,0,yes
0.089495502,1,1,2,0,yes
0.066635996,3,1,2,0,yes
0.00225664,7,1,2,0,no
0.00225664,7,1,2,0,no
0.002101939,3,1,1,0,no
0.11824856,1,6,1,0,yes
0.093920805,3,4,1,0,yes
0.08350379,3,4,1,0,yes
0.001466965,7,1,2,0,no
0.001120888,2,1,1,0,no
0.001120888,1,1,1,0,no
0.048046257,3,2,1,0,yes
0.022333426,7,2,2,0,yes
0.014422077,2,3,1,0,yes
0.001132448,7,1,2,0,no
0.001055965,3,1,1,0,no
0.001020254,3,1,1,0,no
0.201158762,3,5,1,0,yes
0.226472989,3,1,1,0,yes
0.099833965,2,1,1,0,yes
0.001741384,3,1,1,0,no
0.001527014,7,1,1,0,no
0.001527014,2,1,1,0,no
0.373663425,3,3,1,0,yes
0.306996197,3,2,1,0,yes
0.027911671,3,3,1,0,yes
0.005895686,5,1,2,0,no
0.005159165,1,1,2,0,no
0.004781747,1,1,2,0,no
0.094925761,3,3,1,0,yes
0.046242356,3,6,1,0,yes
0.015271942,2,5,1,28,yes
0.003240124,7,1,2,0,no
0.003074253,3,1,2,0,no
0.002374366,3,1,2,0,no
0.430603415,3,10,1,0,yes
0.040157668,3,1,1,0,yes
0.012705481,2,3,1,0,yes
0.000682776,7,1,2,0,no
0.000594033,7,1,1,0,no
0.000593378,2,1,1,0,no
0.386030078,1,4,1,0,yes
0.026797382,1,4,1,0,yes
0.032726455,2,2,1,0,yes
0.002036636,7,1,2,0,no
0.001883141,7,1,2,0,no
0.001560657,1,1,2,0,no
0.092703365,1,6,1,0,yes
0.040902585,3,7,1,0,yes
0.031984307,1,5,1,0,yes
0.000718222,7,1,2,0,no
0.000490891,3,1,1,0,no
0.000454911,1,1,1,0,no
0.165920466,3,2,1,0,yes
0.10264843,1,2,1,0,yes
0.05448091,1,3,1,21,yes
0.002092159,1,1,2,0,no
0.002088621,7,1,2,0,no
0.001238444,7,1,1,0,no
0.341094553,1,15,1,0,yes
0.177555948,1,12,1,0,yes
0.125914782,2,12,1,0,yes
0.000393918,7,1,2,0,no
0.00036599,2,1,1,0,no
0.000233514,1,1,1,0,no
0.28216818,3,5,1,0,yes
0.085519627,7,1,2,0,yes
0.035840232,7,2,2,0,yes
0.001697755,7,1,2,0,no
0.001578249,1,1,1,0,no
0.001003392,7,1,1,0,no
0.048326641,1,3,1,0,yes
0.048334263,7,2,2,0,yes
0.034273136,2,2,1,1,yes
0.001247487,7,1,1,0,no
0.000816674,7,1,2,0,no
0.00060366,1,1,2,0,no
0.169597149,3,3,1,0,yes
0.080650091,7,2,1,0,yes
0.018118624,2,8,1,0,yes
0.000625675,1,1,1,0,no
0.000625675,3,1,1,0,no
0.000625675,3,1,1,0,no
0.028874191,2,7,1,4,yes
0.079177059,7,2,2,0,yes
0.056980986,1,2,1,0,yes
0.001042038,7,1,2,0,no
0.001042038,7,1,2,0,no
0.000970699,3,1,1,0,no
0.144766659,7,1,2,36,yes
0.035926796,3,3,1,0,yes
0.070488781,7,1,2,0,yes
0.001810994,3,1,2,0,no
0.001810994,7,1,2,0,no
0.001071961,7,1,1,0,no